id,year,side_a,side_b,source_office,source_headline,source_original,where_coordinates,adm_1,adm_2,latitude,longitude,geom_wkt,country,date_event,total_deaths_best_estimate
359682,2020,Government of Haiti,Civilians,Haiti Libre,"A student shot dead, smear of the Palace security officers ?",Students,Port-au-Prince city,Ouest department,Port-au-Prince arrondissement,"375,1736111","-235,6388889",POINT (-72.335 18.53917),Haiti,2020-10-03 00:00:00.000,1
392786,2021,Government of Haiti,Civilians,Haiti Infos Pro,Police operation: at least three corpses identified at Portail Léogane,witnesses,Port-au-Prince city,Ouest department,Port-au-Prince arrondissement,"375,1736111","-235,6388889",POINT (-72.335 18.53917),Haiti,2021-03-11 00:00:00.000,3
404464,2021,Government of Haiti,Civilians,Van Bef Info,"A mechanic shot dead in the city center, a soldier pointed out",eyewitnesses,Port-au-Prince city,Ouest department,Port-au-Prince arrondissement,"375,1736111","-235,6388889",POINT (-72.335 18.53917),Haiti,2021-05-08 00:00:00.000,1
432892,2022,Government of Haiti,Civilians,Haiti Libre;Haiti Libre;Reuters,"Haiti - FLASH : Demonstration, 4 journalists injured including one fatally;Haiti - Justice : Death of Journalist Maxihen Lazzare, police could be involved;Haiti police open fire on demonstrators, one journalist killed",,Port-au-Prince city,Ouest department,Port-au-Prince arrondissement,"375,1736111","-235,6388889",POINT (-72.335 18.53917),Haiti,2022-02-23 00:00:00.000,1
510189,2023,Government of Haiti,Civilians,The National Human Rights Defense Network (RNDDH),The reign of Prime Minister Ariel HENRY Or The fury of the armed gangs,RNDDH,Port-au-Prince city,Ouest department,Port-au-Prince arrondissement,"375,1736111","-235,6388889",POINT (-72.335 18.53917),Haiti,2023-02-27 00:00:00.000,7
510159,2023,Government of Haiti,Civilians,The National Human Rights Defense Network (RNDDH),The reign of Prime Minister Ariel HENRY Or The fury of the armed gangs,RNDDH,Port-au-Prince city,Ouest department,Port-au-Prince arrondissement,"375,1736111","-235,6388889",POINT (-72.335 18.53917),Haiti,2023-02-28 00:00:00.000,20
510179,2023,Government of Haiti,Civilians,The National Human Rights Defense Network (RNDDH),The reign of Prime Minister Ariel HENRY Or The fury of the armed gangs,RNDDH,Port-au-Prince city,Ouest department,Port-au-Prince arrondissement,"375,1736111","-235,6388889",POINT (-72.335 18.53917),Haiti,2023-03-01 00:00:00.000,9
510182,2023,Government of Haiti,Civilians,The National Human Rights Defense Network (RNDDH),The reign of Prime Minister Ariel HENRY Or The fury of the armed gangs,RNDDH,Port-au-Prince city,Ouest department,Port-au-Prince arrondissement,"375,1736111","-235,6388889",POINT (-72.335 18.53917),Haiti,2023-03-02 00:00:00.000,3
510164,2023,Government of Haiti,Civilians,The National Human Rights Defense Network (RNDDH),The reign of Prime Minister Ariel HENRY Or The fury of the armed gangs,RNDDH,Port-au-Prince city,Ouest department,Port-au-Prince arrondissement,"375,1736111","-235,6388889",POINT (-72.335 18.53917),Haiti,2023-03-03 00:00:00.000,20
510166,2023,Government of Haiti,Civilians,The National Human Rights Defense Network (RNDDH),The reign of Prime Minister Ariel HENRY Or The fury of the armed gangs,RNDDH,Port-au-Prince city,Ouest department,Port-au-Prince arrondissement,"375,1736111","-235,6388889",POINT (-72.335 18.53917),Haiti,2023-03-05 00:00:00.000,20
510184,2023,Government of Haiti,Civilians,The National Human Rights Defense Network (RNDDH),The reign of Prime Minister Ariel HENRY Or The fury of the armed gangs,RNDDH,Port-au-Prince city,Ouest department,Port-au-Prince arrondissement,"375,1736111","-235,6388889",POINT (-72.335 18.53917),Haiti,2023-03-06 00:00:00.000,1
510185,2023,Government of Haiti,Civilians,The National Human Rights Defense Network (RNDDH),The reign of Prime Minister Ariel HENRY Or The fury of the armed gangs,RNDDH,Port-au-Prince city,Ouest department,Port-au-Prince arrondissement,"375,1736111","-235,6388889",POINT (-72.335 18.53917),Haiti,2023-03-07 00:00:00.000,1
510186,2023,Government of Haiti,Civilians,The National Human Rights Defense Network (RNDDH),The reign of Prime Minister Ariel HENRY Or The fury of the armed gangs,RNDDH,Port-au-Prince city,Ouest department,Port-au-Prince arrondissement,"375,1736111","-235,6388889",POINT (-72.335 18.53917),Haiti,2023-03-08 00:00:00.000,1
510187,2023,Government of Haiti,Civilians,The National Human Rights Defense Network (RNDDH),The reign of Prime Minister Ariel HENRY Or The fury of the armed gangs,RNDDH,Port-au-Prince city,Ouest department,Port-au-Prince arrondissement,"375,1736111","-235,6388889",POINT (-72.335 18.53917),Haiti,2023-03-08 00:00:00.000,1
510188,2023,Government of Haiti,Civilians,The National Human Rights Defense Network (RNDDH),The reign of Prime Minister Ariel HENRY Or The fury of the armed gangs,RNDDH,Port-au-Prince city,Ouest department,Port-au-Prince arrondissement,"375,1736111","-235,6388889",POINT (-72.335 18.53917),Haiti,2023-03-12 00:00:00.000,1
563134,2024,Government of Haiti,Civilians,UN Integrated Office in Haiti (BINUH),QUARTERLY REPORT ON THE HUMAN RIGHTS SITUATION IN HAITI,BINUH,Cité Soleil town,Ouest department,Port-au-Prince arrondissement,"402,0395833","-233,4770833",POINT (-72.331887 18.577857),Haiti,2024-03-14 00:00:00.000,0
354746,2020,G9,Civilians,National Human Rights Defense Network (RNDDH),"Assassinations, Ambushes, Hostage-taking, Rape, Fires, Raids: The authorities in power have installed terror in Cité Soleil","Several official sources, as well as testimony from witnesses",Cité Soleil town,Ouest department,Port-au-Prince arrondissement,"402,0395833","-233,4770833",POINT (-72.331887 18.577857),Haiti,2020-06-01 00:00:00.000,1
354692,2020,G9,Civilians,National Human Rights Defense Network (RNDDH),"Assassinations, Ambushes, Hostage-taking, Rape, Fires, Raids: The authorities in power have installed terror in Cité Soleil","Several official sources, as well as testimony from witnesses.",Cité Soleil town,Ouest department,Port-au-Prince arrondissement,"402,0395833","-233,4770833",POINT (-72.331887 18.577857),Haiti,2020-06-03 00:00:00.000,3
354695,2020,G9,Civilians,National Human Rights Defense Network (RNDDH),"Assassinations, Ambushes, Hostage-taking, Rape, Fires, Raids: The authorities in power have installed terror in Cité Soleil","Several official sources, as well as testimony from witnesses.",Cité Soleil town,Ouest department,Port-au-Prince arrondissement,"402,0395833","-233,4770833",POINT (-72.331887 18.577857),Haiti,2020-06-10 00:00:00.000,1
354696,2020,G9,Civilians,National Human Rights Defense Network (RNDDH),"Assassinations, Ambushes, Hostage-taking, Rape, Fires, Raids: The authorities in power have installed terror in Cité Soleil","Several official sources, as well as testimony from witnesses.",Cité Soleil town,Ouest department,Port-au-Prince arrondissement,"402,0395833","-233,4770833",POINT (-72.331887 18.577857),Haiti,2020-06-13 00:00:00.000,1
354738,2020,G9,Civilians,National Human Rights Defense Network (RNDDH),"Assassinations, Ambushes, Hostage-taking, Rape, Fires, Raids: The authorities in power have installed terror in Cité Soleil","Several official sources, as well as testimony from witnesses",Cité Soleil town,Ouest department,Port-au-Prince arrondissement,"402,0395833","-233,4770833",POINT (-72.331887 18.577857),Haiti,2020-06-16 00:00:00.000,3
354739,2020,G9,Civilians,National Human Rights Defense Network (RNDDH),"Assassinations, Ambushes, Hostage-taking, Rape, Fires, Raids: The authorities in power have installed terror in Cité Soleil","Several official sources, as well as testimony from witnesses.",Cité Soleil town,Ouest department,Port-au-Prince arrondissement,"402,0395833","-233,4770833",POINT (-72.331887 18.577857),Haiti,2020-06-25 00:00:00.000,1
354742,2020,G9,Civilians,National Human Rights Defense Network (RNDDH),"Assassinations, Ambushes, Hostage-taking, Rape, Fires, Raids: The authorities in power have installed terror in Cité Soleil","Several official sources, as well as testimony from witnesses.",Cité Soleil town,Ouest department,Port-au-Prince arrondissement,"402,0395833","-233,4770833",POINT (-72.331887 18.577857),Haiti,2020-06-26 00:00:00.000,2
354745,2020,G9,Civilians,National Human Rights Defense Network (RNDDH),"Assassinations, Ambushes, Hostage-taking, Rape, Fires, Raids: The authorities in power have installed terror in Cité Soleil","Several official sources, as well as testimony from witnesses.",Cité Soleil town,Ouest department,Port-au-Prince arrondissement,"402,0395833","-233,4770833",POINT (-72.331887 18.577857),Haiti,2020-06-28 00:00:00.000,1
354751,2020,G9,Civilians,National Human Rights Defense Network (RNDDH),"Assassinations, Ambushes, Hostage-taking, Rape, Fires, Raids: The authorities in power have installed terror in Cité Soleil","Several official sources, as well as testimony from witnesses",Cité Soleil town,Ouest department,Port-au-Prince arrondissement,"402,0395833","-233,4770833",POINT (-72.331887 18.577857),Haiti,2020-07-01 00:00:00.000,3
354809,2020,G9,Civilians,National Human Rights Defense Network (RNDDH),"Assassinations, Ambushes, Hostage-taking, Rape, Fires, Raids: The authorities in power have installed terror in Cité Soleil","Several official sources, as well as testimony from witnesses.",Cité Soleil town,Ouest department,Port-au-Prince arrondissement,"402,0395833","-233,4770833",POINT (-72.331887 18.577857),Haiti,2020-07-01 00:00:00.000,39
354750,2020,G9,Civilians,National Human Rights Defense Network (RNDDH),"Assassinations, Ambushes, Hostage-taking, Rape, Fires, Raids: The authorities in power have installed terror in Cité Soleil","Several official sources, as well as testimony from witnesses.",Cité Soleil town,Ouest department,Port-au-Prince arrondissement,"402,0395833","-233,4770833",POINT (-72.331887 18.577857),Haiti,2020-07-02 00:00:00.000,2
354753,2020,G9,Civilians,National Human Rights Defense Network (RNDDH),"Assassinations, Ambushes, Hostage-taking, Rape, Fires, Raids: The authorities in power have installed terror in Cité Soleil","Several official sources, as well as testimony from witnesses",Cité Soleil town,Ouest department,Port-au-Prince arrondissement,"402,0395833","-233,4770833",POINT (-72.331887 18.577857),Haiti,2020-07-03 00:00:00.000,11
354755,2020,G9,Civilians,National Human Rights Defense Network (RNDDH),"Assassinations, Ambushes, Hostage-taking, Rape, Fires, Raids: The authorities in power have installed terror in Cité Soleil","Several official sources, as well as testimony from witnesses.",Cité Soleil town,Ouest department,Port-au-Prince arrondissement,"402,0395833","-233,4770833",POINT (-72.331887 18.577857),Haiti,2020-07-04 00:00:00.000,7
354760,2020,G9,Civilians,National Human Rights Defense Network (RNDDH),"Assassinations, Ambushes, Hostage-taking, Rape, Fires, Raids: The authorities in power have installed terror in Cité Soleil","Several official sources, as well as testimony from witnesses.",Cité Soleil town,Ouest department,Port-au-Prince arrondissement,"402,0395833","-233,4770833",POINT (-72.331887 18.577857),Haiti,2020-07-06 00:00:00.000,1
354761,2020,G9,Civilians,National Human Rights Defense Network (RNDDH),"Assassinations, Ambushes, Hostage-taking, Rape, Fires, Raids: The authorities in power have installed terror in Cité Soleil","Several official sources, as well as testimony from witnesses.",Cité Soleil town,Ouest department,Port-au-Prince arrondissement,"402,0395833","-233,4770833",POINT (-72.331887 18.577857),Haiti,2020-07-07 00:00:00.000,2
354762,2020,G9,Civilians,National Human Rights Defense Network (RNDDH),"Assassinations, Ambushes, Hostage-taking, Rape, Fires, Raids: The authorities in power have installed terror in Cité Soleil","Several official sources, as well as testimony from witnesses.",Cité Soleil town,Ouest department,Port-au-Prince arrondissement,"402,0395833","-233,4770833",POINT (-72.331887 18.577857),Haiti,2020-07-08 00:00:00.000,1
354763,2020,G9,Civilians,National Human Rights Defense Network (RNDDH),"Assassinations, Ambushes, Hostage-taking, Rape, Fires, Raids: The authorities in power have installed terror in Cité Soleil","Several official sources, as well as testimony from witnesses.",Cité Soleil town,Ouest department,Port-au-Prince arrondissement,"402,0395833","-233,4770833",POINT (-72.331887 18.577857),Haiti,2020-07-10 00:00:00.000,1
354764,2020,G9,Civilians,National Human Rights Defense Network (RNDDH),"Assassinations, Ambushes, Hostage-taking, Rape, Fires, Raids: The authorities in power have installed terror in Cité Soleil","Several official sources, as well as testimony from witnesses.",Cité Soleil town,Ouest department,Port-au-Prince arrondissement,"402,0395833","-233,4770833",POINT (-72.331887 18.577857),Haiti,2020-07-11 00:00:00.000,4
354765,2020,G9,Civilians,National Human Rights Defense Network (RNDDH),"Assassinations, Ambushes, Hostage-taking, Rape, Fires, Raids: The authorities in power have installed terror in Cité Soleil","Several official sources, as well as testimony from witnesses",Cité Soleil town,Ouest department,Port-au-Prince arrondissement,"402,0395833","-233,4770833",POINT (-72.331887 18.577857),Haiti,2020-07-12 00:00:00.000,6
354767,2020,G9,Civilians,National Human Rights Defense Network (RNDDH),"Assassinations, Ambushes, Hostage-taking, Rape, Fires, Raids: The authorities in power have installed terror in Cité Soleil","Several official sources, as well as testimony from witnesses.",Cité Soleil town,Ouest department,Port-au-Prince arrondissement,"402,0395833","-233,4770833",POINT (-72.331887 18.577857),Haiti,2020-07-16 00:00:00.000,1
354771,2020,G9,Civilians,National Human Rights Defense Network (RNDDH),"Assassinations, Ambushes, Hostage-taking, Rape, Fires, Raids: The authorities in power have installed terror in Cité Soleil","Several official sources, as well as testimony from witnesses.",Cité Soleil town,Ouest department,Port-au-Prince arrondissement,"402,0395833","-233,4770833",POINT (-72.331887 18.577857),Haiti,2020-07-19 00:00:00.000,4
354772,2020,G9,Civilians,National Human Rights Defense Network (RNDDH),"Assassinations, Ambushes, Hostage-taking, Rape, Fires, Raids: The authorities in power have installed terror in Cité Soleil","Several official sources, as well as testimony from witnesses.",Cité Soleil town,Ouest department,Port-au-Prince arrondissement,"402,0395833","-233,4770833",POINT (-72.331887 18.577857),Haiti,2020-07-20 00:00:00.000,3
354774,2020,G9,Civilians,National Human Rights Defense Network (RNDDH),"Assassinations, Ambushes, Hostage-taking, Rape, Fires, Raids: The authorities in power have installed terror in Cité Soleil","Several official sources, as well as testimony from witnesses.",Cité Soleil town,Ouest department,Port-au-Prince arrondissement,"402,0395833","-233,4770833",POINT (-72.331887 18.577857),Haiti,2020-07-23 00:00:00.000,1
354775,2020,G9,Civilians,National Human Rights Defense Network (RNDDH),"Assassinations, Ambushes, Hostage-taking, Rape, Fires, Raids: The authorities in power have installed terror in Cité Soleil","Several official sources, as well as testimony from witnesses.",Cité Soleil town,Ouest department,Port-au-Prince arrondissement,"402,0395833","-233,4770833",POINT (-72.331887 18.577857),Haiti,2020-07-25 00:00:00.000,1
354778,2020,G9,Civilians,National Human Rights Defense Network (RNDDH),"Assassinations, Ambushes, Hostage-taking, Rape, Fires, Raids: The authorities in power have installed terror in Cité Soleil","Several official sources, as well as testimony from witnesses.",Cité Soleil town,Ouest department,Port-au-Prince arrondissement,"402,0395833","-233,4770833",POINT (-72.331887 18.577857),Haiti,2020-07-27 00:00:00.000,1
354780,2020,G9,Civilians,National Human Rights Defense Network (RNDDH),"Assassinations, Ambushes, Hostage-taking, Rape, Fires, Raids: The authorities in power have installed terror in Cité Soleil","Several official sources, as well as testimony from witnesses.",Cité Soleil town,Ouest department,Port-au-Prince arrondissement,"402,0395833","-233,4770833",POINT (-72.331887 18.577857),Haiti,2020-07-28 00:00:00.000,1
407045,2020,G9,Civilians,RNDDH,MASSACRES IN BEL-AIR AND CITÉ SOLEIL UNDER THE INDIFFERENT GAZE OF STATE AUTHORITIES,RNDDH report,Port-au-Prince city,Ouest department,Port-au-Prince arrondissement,"375,1736111","-235,6388889",POINT (-72.335 18.53917),Haiti,2020-08-27 00:00:00.000,1
407047,2020,G9,Civilians,RNDDH,MASSACRES IN BEL-AIR AND CITÉ SOLEIL UNDER THE INDIFFERENT GAZE OF STATE AUTHORITIES,RNDDH report,Port-au-Prince city,Ouest department,Port-au-Prince arrondissement,"375,1736111","-235,6388889",POINT (-72.335 18.53917),Haiti,2020-08-27 00:00:00.000,3
407052,2020,G9,Civilians,RNDDH,MASSACRES IN BEL-AIR AND CITÉ SOLEIL UNDER THE INDIFFERENT GAZE OF STATE AUTHORITIES,RNDDH report,Port-au-Prince city,Ouest department,Port-au-Prince arrondissement,"375,1736111","-235,6388889",POINT (-72.335 18.53917),Haiti,2020-09-03 00:00:00.000,1
380959,2020,G9,Civilians,Vant Bef Info,Haiti / Security: Tension in Bel-Air: At least two dead and several houses set on fire,,Port-au-Prince city,Ouest department,Port-au-Prince arrondissement,"375,1736111","-235,6388889",POINT (-72.335 18.53917),Haiti,2020-09-19 00:00:00.000,2
407054,2020,G9,Civilians,RNDDH,MASSACRES IN BEL-AIR AND CITÉ SOLEIL UNDER THE INDIFFERENT GAZE OF STATE AUTHORITIES,RNDDH report,Port-au-Prince city,Ouest department,Port-au-Prince arrondissement,"375,1736111","-235,6388889",POINT (-72.335 18.53917),Haiti,2020-10-04 00:00:00.000,1
407055,2020,G9,Civilians,RNDDH,MASSACRES IN BEL-AIR AND CITÉ SOLEIL UNDER THE INDIFFERENT GAZE OF STATE AUTHORITIES,RNDDH report,Port-au-Prince city,Ouest department,Port-au-Prince arrondissement,"375,1736111","-235,6388889",POINT (-72.335 18.53917),Haiti,2020-10-05 00:00:00.000,1
407056,2020,G9,Civilians,RNDDH,MASSACRES IN BEL-AIR AND CITÉ SOLEIL UNDER THE INDIFFERENT GAZE OF STATE AUTHORITIES,RNDDH report,Port-au-Prince city,Ouest department,Port-au-Prince arrondissement,"375,1736111","-235,6388889",POINT (-72.335 18.53917),Haiti,2020-10-09 00:00:00.000,2
407057,2020,G9,Civilians,RNDDH,MASSACRES IN BEL-AIR AND CITÉ SOLEIL UNDER THE INDIFFERENT GAZE OF STATE AUTHORITIES,RNDDH report,Port-au-Prince city,Ouest department,Port-au-Prince arrondissement,"375,1736111","-235,6388889",POINT (-72.335 18.53917),Haiti,2020-10-16 00:00:00.000,3
407058,2020,G9,Civilians,RNDDH,MASSACRES IN BEL-AIR AND CITÉ SOLEIL UNDER THE INDIFFERENT GAZE OF STATE AUTHORITIES,RNDDH report,Port-au-Prince city,Ouest department,Port-au-Prince arrondissement,"375,1736111","-235,6388889",POINT (-72.335 18.53917),Haiti,2020-10-20 00:00:00.000,3
407059,2020,G9,Civilians,RNDDH,MASSACRES IN BEL-AIR AND CITÉ SOLEIL UNDER THE INDIFFERENT GAZE OF STATE AUTHORITIES,RNDDH,Port-au-Prince city,Ouest department,Port-au-Prince arrondissement,"375,1736111","-235,6388889",POINT (-72.335 18.53917),Haiti,2020-10-21 00:00:00.000,4
372171,2020,G9,Civilians,Haiti Libre;ICI Haiti;ICI Haiti,"Haiti - FLASH : Kidnapped, tortured, raped and killed the young student Sincère found in a landfill;iciHaiti - Insecurity : The RNDDH denounces the involvement of the G9 in the assassination of Evelyne Sincère;iciHaiti - Assassination of Evelyne Sincère : G9 thugs collaborate with the PNH and arrest «Kiki»","Family members, RNDDH (Human Rights NGO in Haiti)",Port-au-Prince city,Ouest department,Port-au-Prince arrondissement,"375,1736111","-235,6388889",POINT (-72.335 18.53917),Haiti,2020-10-29 00:00:00.000,1
372172,2020,G9,Civilians,Haiti Pros Info,A young schoolboy and an adult murdered in Bel-Air by the '' Krache dife '' gang,Witnesses,Port-au-Prince city,Ouest department,Port-au-Prince arrondissement,"375,1736111","-235,6388889",POINT (-72.335 18.53917),Haiti,2020-12-15 00:00:00.000,2
407061,2020,G9,Civilians,RNDDH,MASSACRES IN BEL-AIR AND CITÉ SOLEIL UNDER THE INDIFFERENT GAZE OF STATE AUTHORITIES,RNDDH report,Port-au-Prince city,Ouest department,Port-au-Prince arrondissement,"375,1736111","-235,6388889",POINT (-72.335 18.53917),Haiti,2020-12-15 00:00:00.000,2
407063,2021,G9,Civilians,RNDDH,MASSACRES IN BEL-AIR AND CITÉ SOLEIL UNDER THE INDIFFERENT GAZE OF STATE AUTHORITIES,RNDDH report,Port-au-Prince city,Ouest department,Port-au-Prince arrondissement,"375,1736111","-235,6388889",POINT (-72.335 18.53917),Haiti,2021-04-01 00:00:00.000,8
407422,2021,G9,Civilians,RNDDH,MASSACRES IN BEL-AIR AND CITÉ SOLEIL UNDER THE INDIFFERENT GAZE OF STATE AUTHORITIES,RNDDH report,Cité Soleil town,Ouest department,Port-au-Prince arrondissement,"402,0395833","-233,4770833",POINT (-72.331887 18.577857),Haiti,2021-04-26 00:00:00.000,22
407423,2021,G9,Civilians,RNDDH,MASSACRES IN BEL-AIR AND CITÉ SOLEIL UNDER THE INDIFFERENT GAZE OF STATE AUTHORITIES,RNDDH report,Cité Soleil town,Ouest department,Port-au-Prince arrondissement,"402,0395833","-233,4770833",POINT (-72.331887 18.577857),Haiti,2021-05-01 00:00:00.000,14
407065,2021,G9,Civilians,RNDDH,MASSACRES IN BEL-AIR AND CITÉ SOLEIL UNDER THE INDIFFERENT GAZE OF STATE AUTHORITIES,RNDDH report,Port-au-Prince city,Ouest department,Port-au-Prince arrondissement,"375,1736111","-235,6388889",POINT (-72.335 18.53917),Haiti,2021-05-10 00:00:00.000,7
407619,2021,G9,Civilians,RNDDH;Vant Bef Info,DARK NIGHT IN PORT-AU-PRINCE AND DELMAS: RNDDH CALLS FOR POPULAR MOBILIZATION;Des cadavres éparpillés à Port-au-Prince,RNDDH report,Delmas town,Ouest department,Port-au-Prince arrondissement,"387,1347222","-208,5506944",POINT (-72.295993 18.556394),Haiti,2021-06-29 00:00:00.000,15
407620,2021,G9,Civilians,Vant Bef Info;Vant Bef Info;RNDDH,Des cadavres éparpillés à Port-au-Prince;Le journaliste Diego Charles et la militante Antoinette Duclair abattus à Christ-Roi;DARK NIGHT IN PORT-AU-PRINCE AND DELMAS: RNDDH CALLS FOR POPULAR MOBILIZATION,RNDDH report,Port-au-Prince city,Ouest department,Port-au-Prince arrondissement,"375,1736111","-235,6388889",POINT (-72.335 18.53917),Haiti,2021-06-29 00:00:00.000,3
445215,2022,G9,Civilians,Vant Bef Info,Port-au-Prince: Une personne tuée suite à une tentative de kidnapping,police,Port-au-Prince city,Ouest department,Port-au-Prince arrondissement,"375,1736111","-235,6388889",POINT (-72.335 18.53917),Haiti,2022-04-06 00:00:00.000,1
467268,2022,G9,Civilians,National Human Rights Defense Network (RNDDH),Carnage at la Plaine du Cul-de-Sac: The survivors demand the support of the authorities,,Croix-des-Missions town,Ouest department,Port-au-Prince arrondissement,"415,1875","-201,0416667",POINT (-72.28518 18.59679),Haiti,2022-04-24 00:00:00.000,2
467269,2022,G9,Civilians,National Human Rights Defense Network (RNDDH),Carnage at la Plaine du Cul-de-Sac: The survivors demand the support of the authorities,,Croix-des-Missions town,Ouest department,Port-au-Prince arrondissement,"415,1875","-201,0416667",POINT (-72.28518 18.59679),Haiti,2022-04-24 00:00:00.000,1
467271,2022,G9,Civilians,National Human Rights Defense Network (RNDDH),Carnage at la Plaine du Cul-de-Sac: The survivors demand the support of the authorities,,Croix-des-Missions town,Ouest department,Port-au-Prince arrondissement,"415,1875","-201,0416667",POINT (-72.28518 18.59679),Haiti,2022-04-24 00:00:00.000,1
467293,2022,G9,Civilians,National Human Rights Defense Network (RNDDH),Carnage at la Plaine du Cul-de-Sac: The survivors demand the support of the authorities,,Butte Boyer town,Ouest department,Port-au-Prince arrondissement,"414,4631944","-195,2284722",POINT (-72.276809 18.595747),Haiti,2022-04-25 00:00:00.000,1
445209,2022,G9,Civilians,Vant Bef Info,Haïti : Protestation à Solino contre l’assassinat de deux personnes,"neighbors, witnesses",Cité Soleil town,Ouest department,Port-au-Prince arrondissement,"402,0395833","-233,4770833",POINT (-72.331887 18.577857),Haiti,2022-05-10 00:00:00.000,2
450906,2022,G9,Civilians,Haiti Libre,Haiti - FLASH : Two young journalists killed in Cité-Soleil,,Cité Soleil town,Ouest department,Port-au-Prince arrondissement,"402,0395833","-233,4770833",POINT (-72.331887 18.577857),Haiti,2022-09-11 00:00:00.000,2
563084,2024,G9,Civilians,UN Integrated Office in Haiti (BINUH),QUARTERLY REPORT ON THE HUMAN RIGHTS SITUATION IN HAITI,BINUH,Cité Soleil town,Ouest department,Port-au-Prince arrondissement,"402,0395833","-233,4770833",POINT (-72.331887 18.577857),Haiti,2024-02-01 00:00:00.000,66
354735,2020,"Delmas 19 gang , Delmas 6 gang, Delmas 95 gang, Nan Barozi gang, Nan Belekou gang, Nan Boston gang, Nan Chabón, Nan Ti Bwa gang, Pilate Base gang, Simon Pele gang, Wharf de Jeremie gang",Civilians,National Human Rights Defense Network (RNDDH),Attacks on deprived neighborhoods: The RNDDH demands the end of the protection of armed gangs by the authorities in power,"Several official sources, as well as testimony from witnesses.",Cité Soleil town,Ouest department,Port-au-Prince arrondissement,"402,0395833","-233,4770833",POINT (-72.331887 18.577857),Haiti,2020-05-23 00:00:00.000,5
354717,2020,"Delmas 19 gang , Delmas 6 gang, Delmas 95 gang, Nan Barozi gang, Nan Belekou gang, Nan Boston gang, Nan Chabón, Nan Ti Bwa gang, Pilate Base gang, Simon Pele gang, Wharf de Jeremie gang",Civilians,National Human Rights Defense Network (RNDDH),Attacks on deprived neighborhoods: The RNDDH demands the end of the protection of armed gangs by the authorities in power,"Several official sources, as well as testimony from witnesses.",Cité Soleil town,Ouest department,Port-au-Prince arrondissement,"402,0395833","-233,4770833",POINT (-72.331887 18.577857),Haiti,2020-05-23 00:00:00.000,1
354727,2020,"Delmas 19 gang , Delmas 6 gang, Delmas 95 gang, Nan Barozi gang, Nan Belekou gang, Nan Boston gang, Nan Chabón, Nan Ti Bwa gang, Pilate Base gang, Simon Pele gang, Wharf de Jeremie gang",Civilians,National Human Rights Defense Network (RNDDH),Attacks on deprived neighborhoods: The RNDDH demands the end of the protection of armed gangs by the authorities in power,"Several official sources, as well as testimony from witnesses.",Cité Soleil town,Ouest department,Port-au-Prince arrondissement,"402,0395833","-233,4770833",POINT (-72.331887 18.577857),Haiti,2020-05-24 00:00:00.000,18
354732,2020,"Delmas 19 gang , Delmas 6 gang, Delmas 95 gang, Nan Barozi gang, Nan Belekou gang, Nan Boston gang, Nan Chabón, Nan Ti Bwa gang, Pilate Base gang, Simon Pele gang, Wharf de Jeremie gang",Civilians,National Human Rights Defense Network (RNDDH),Attacks on deprived neighborhoods: The RNDDH demands the end of the protection of armed gangs by the authorities in power,"Several official sources, as well as testimony from witnesses.",Cité Soleil town,Ouest department,Port-au-Prince arrondissement,"402,0395833","-233,4770833",POINT (-72.331887 18.577857),Haiti,2020-05-25 00:00:00.000,1
354733,2020,"Delmas 19 gang , Delmas 6 gang, Delmas 95 gang, Nan Barozi gang, Nan Belekou gang, Nan Boston gang, Nan Chabón, Nan Ti Bwa gang, Pilate Base gang, Simon Pele gang, Wharf de Jeremie gang",Civilians,National Human Rights Defense Network (RNDDH),Attacks on deprived neighborhoods: The RNDDH demands the end of the protection of armed gangs by the authorities in power,"Several official sources, as well as testimony from witnesses.",Cité Soleil town,Ouest department,Port-au-Prince arrondissement,"402,0395833","-233,4770833",POINT (-72.331887 18.577857),Haiti,2020-05-26 00:00:00.000,5
354734,2020,"Delmas 19 gang , Delmas 6 gang, Delmas 95 gang, Nan Barozi gang, Nan Belekou gang, Nan Boston gang, Nan Chabón, Nan Ti Bwa gang, Pilate Base gang, Simon Pele gang, Wharf de Jeremie gang",Civilians,National Human Rights Defense Network (RNDDH),Attacks on deprived neighborhoods: The RNDDH demands the end of the protection of armed gangs by the authorities in power,"Several official sources, as well as testimony from witnesses",Cité Soleil town,Ouest department,Port-au-Prince arrondissement,"402,0395833","-233,4770833",POINT (-72.331887 18.577857),Haiti,2020-05-27 00:00:00.000,4
467275,2022,400 Mawozo,Civilians,National Human Rights Defense Network (RNDDH),Carnage at la Plaine du Cul-de-Sac: The survivors demand the support of the authorities,,Croix-des-Missions town,Ouest department,Port-au-Prince arrondissement,"415,1875","-201,0416667",POINT (-72.28518 18.59679),Haiti,2022-04-24 00:00:00.000,1
467272,2022,400 Mawozo,Civilians,National Human Rights Defense Network (RNDDH),Carnage at la Plaine du Cul-de-Sac: The survivors demand the support of the authorities,,Croix-des-Missions town,Ouest department,Port-au-Prince arrondissement,"415,1875","-201,0416667",POINT (-72.28518 18.59679),Haiti,2022-04-24 00:00:00.000,1
467237,2022,400 Mawozo,Civilians,National Human Rights Defense Network (RNDDH),Carnage at la Plaine du Cul-de-Sac: The survivors demand the support of the authorities,,Croix-des-Missions town,Ouest department,Port-au-Prince arrondissement,"415,1875","-201,0416667",POINT (-72.28518 18.59679),Haiti,2022-04-24 00:00:00.000,1
467202,2022,400 Mawozo,Civilians,National Human Rights Defense Network (RNDDH),Carnage at la Plaine du Cul-de-Sac: The survivors demand the support of the authorities,,Croix-des-Missions town,Ouest department,Port-au-Prince arrondissement,"415,1875","-201,0416667",POINT (-72.28518 18.59679),Haiti,2022-04-24 00:00:00.000,2
467206,2022,400 Mawozo,Civilians,National Human Rights Defense Network (RNDDH),Carnage at la Plaine du Cul-de-Sac: The survivors demand the support of the authorities,,Croix-des-Missions town,Ouest department,Port-au-Prince arrondissement,"415,1875","-201,0416667",POINT (-72.28518 18.59679),Haiti,2022-04-24 00:00:00.000,2
467296,2022,400 Mawozo,Civilians,National Human Rights Defense Network (RNDDH),Carnage at la Plaine du Cul-de-Sac: The survivors demand the support of the authorities,,Croix-des-Missions town,Ouest department,Port-au-Prince arrondissement,"415,1875","-201,0416667",POINT (-72.28518 18.59679),Haiti,2022-04-24 00:00:00.000,1
467297,2022,400 Mawozo,Civilians,National Human Rights Defense Network (RNDDH),Carnage at la Plaine du Cul-de-Sac: The survivors demand the support of the authorities,RNDDH,Croix-des-Missions town,Ouest department,Port-au-Prince arrondissement,"415,1875","-201,0416667",POINT (-72.28518 18.59679),Haiti,2022-04-24 00:00:00.000,1
467057,2022,400 Mawozo,Civilians,National Human Rights Defense Network (RNDDH),Carnage at la Plaine du Cul-de-Sac: The survivors demand the support of the authorities,,Butte Boyer town,Ouest department,Port-au-Prince arrondissement,"414,4631944","-195,2284722",POINT (-72.276809 18.595747),Haiti,2022-04-24 00:00:00.000,1
467058,2022,400 Mawozo,Civilians,National Human Rights Defense Network (RNDDH),Carnage at la Plaine du Cul-de-Sac: The survivors demand the support of the authorities,,Croix-des-Missions town,Ouest department,Port-au-Prince arrondissement,"415,1875","-201,0416667",POINT (-72.28518 18.59679),Haiti,2022-04-24 00:00:00.000,0
467059,2022,400 Mawozo,Civilians,National Human Rights Defense Network (RNDDH),Carnage at la Plaine du Cul-de-Sac: The survivors demand the support of the authorities,,Tabarre commune,Ouest department,Port-au-Prince arrondissement,"405,8402778","-188,1875",POINT (-72.26667 18.58333),Haiti,2022-04-24 00:00:00.000,2
467066,2022,400 Mawozo,Civilians,National Human Rights Defense Network (RNDDH),Carnage at la Plaine du Cul-de-Sac: The survivors demand the support of the authorities,,Butte Boyer town,Ouest department,Port-au-Prince arrondissement,"414,4631944","-195,2284722",POINT (-72.276809 18.595747),Haiti,2022-04-24 00:00:00.000,1
467067,2022,400 Mawozo,Civilians,National Human Rights Defense Network (RNDDH),Carnage at la Plaine du Cul-de-Sac: The survivors demand the support of the authorities,,Butte Boyer town,Ouest department,Port-au-Prince arrondissement,"414,4631944","-195,2284722",POINT (-72.276809 18.595747),Haiti,2022-04-24 00:00:00.000,1
467068,2022,400 Mawozo,Civilians,National Human Rights Defense Network (RNDDH),Carnage at la Plaine du Cul-de-Sac: The survivors demand the support of the authorities,,Butte Boyer town,Ouest department,Port-au-Prince arrondissement,"414,4631944","-195,2284722",POINT (-72.276809 18.595747),Haiti,2022-04-24 00:00:00.000,2
467069,2022,400 Mawozo,Civilians,National Human Rights Defense Network (RNDDH),Carnage at la Plaine du Cul-de-Sac: The survivors demand the support of the authorities,,Butte Boyer town,Ouest department,Port-au-Prince arrondissement,"414,4631944","-195,2284722",POINT (-72.276809 18.595747),Haiti,2022-04-24 00:00:00.000,2
467070,2022,400 Mawozo,Civilians,National Human Rights Defense Network (RNDDH),Carnage at la Plaine du Cul-de-Sac: The survivors demand the support of the authorities,,Butte Boyer town,Ouest department,Port-au-Prince arrondissement,"414,4631944","-195,2284722",POINT (-72.276809 18.595747),Haiti,2022-04-24 00:00:00.000,1
467071,2022,400 Mawozo,Civilians,National Human Rights Defense Network (RNDDH),Carnage at la Plaine du Cul-de-Sac: The survivors demand the support of the authorities,,Butte Boyer town,Ouest department,Port-au-Prince arrondissement,"414,4631944","-195,2284722",POINT (-72.276809 18.595747),Haiti,2022-04-24 00:00:00.000,1
467072,2022,400 Mawozo,Civilians,National Human Rights Defense Network (RNDDH),Carnage at la Plaine du Cul-de-Sac: The survivors demand the support of the authorities,,Butte Boyer town,Ouest department,Port-au-Prince arrondissement,"414,4631944","-195,2284722",POINT (-72.276809 18.595747),Haiti,2022-04-24 00:00:00.000,1
467073,2022,400 Mawozo,Civilians,National Human Rights Defense Network (RNDDH),Carnage at la Plaine du Cul-de-Sac: The survivors demand the support of the authorities,,Butte Boyer town,Ouest department,Port-au-Prince arrondissement,"414,4631944","-195,2284722",POINT (-72.276809 18.595747),Haiti,2022-04-25 00:00:00.000,1
467074,2022,400 Mawozo,Civilians,National Human Rights Defense Network (RNDDH),Carnage at la Plaine du Cul-de-Sac: The survivors demand the support of the authorities,,Butte Boyer town,Ouest department,Port-au-Prince arrondissement,"414,4631944","-195,2284722",POINT (-72.276809 18.595747),Haiti,2022-04-25 00:00:00.000,4
467075,2022,400 Mawozo,Civilians,National Human Rights Defense Network (RNDDH),Carnage at la Plaine du Cul-de-Sac: The survivors demand the support of the authorities,,Butte Boyer town,Ouest department,Port-au-Prince arrondissement,"414,4631944","-195,2284722",POINT (-72.276809 18.595747),Haiti,2022-04-25 00:00:00.000,1
467076,2022,400 Mawozo,Civilians,National Human Rights Defense Network (RNDDH),Carnage at la Plaine du Cul-de-Sac: The survivors demand the support of the authorities,,Butte Boyer town,Ouest department,Port-au-Prince arrondissement,"414,4631944","-195,2284722",POINT (-72.276809 18.595747),Haiti,2022-04-25 00:00:00.000,1
467250,2022,400 Mawozo,Civilians,National Human Rights Defense Network (RNDDH),Carnage at la Plaine du Cul-de-Sac: The survivors demand the support of the authorities,,Croix-des-Missions town,Ouest department,Port-au-Prince arrondissement,"415,1875","-201,0416667",POINT (-72.28518 18.59679),Haiti,2022-04-25 00:00:00.000,1
467254,2022,400 Mawozo,Civilians,National Human Rights Defense Network (RNDDH),Carnage at la Plaine du Cul-de-Sac: The survivors demand the support of the authorities,,Croix-des-Missions town,Ouest department,Port-au-Prince arrondissement,"415,1875","-201,0416667",POINT (-72.28518 18.59679),Haiti,2022-04-25 00:00:00.000,2
467256,2022,400 Mawozo,Civilians,National Human Rights Defense Network (RNDDH),Carnage at la Plaine du Cul-de-Sac: The survivors demand the support of the authorities,,Croix-des-Missions town,Ouest department,Port-au-Prince arrondissement,"415,1875","-201,0416667",POINT (-72.28518 18.59679),Haiti,2022-04-25 00:00:00.000,1
467295,2022,400 Mawozo,Civilians,National Human Rights Defense Network (RNDDH),Carnage at la Plaine du Cul-de-Sac: The survivors demand the support of the authorities,,Croix-des-Missions town,Ouest department,Port-au-Prince arrondissement,"415,1875","-201,0416667",POINT (-72.28518 18.59679),Haiti,2022-05-02 00:00:00.000,1
467081,2022,400 Mawozo,Civilians,National Human Rights Defense Network (RNDDH),Carnage at la Plaine du Cul-de-Sac: The survivors demand the support of the authorities,,Croix-des-Missions town,Ouest department,Port-au-Prince arrondissement,"415,1875","-201,0416667",POINT (-72.28518 18.59679),Haiti,2022-05-03 00:00:00.000,2
467065,2022,400 Mawozo,Civilians,National Human Rights Defense Network (RNDDH),Carnage at la Plaine du Cul-de-Sac: The survivors demand the support of the authorities,,Butte Boyer town,Ouest department,Port-au-Prince arrondissement,"414,4631944","-195,2284722",POINT (-72.276809 18.595747),Haiti,2022-05-06 00:00:00.000,1
515885,2024,400 Mawozo,Civilians,Haiti Libre;Gazette Haiti;Vant Bef Info;National Human Rights Defense Network (RNDDH);Réseau National de Défense de Droits Humains - RNDDH,"Haiti - News : Zapping...;A Morne-Cabrit, une fusillade sur un minibus fait au moins 10 morts dont le chauffeur surnommé « Ti Blan »;Encore des victimes à Morne à Cabris et à Liancourt;A catastrophic human rights situation from January to March 2024: RNDDH alerts the public April 10,;RNDDH's position on the chaotic situation in Haiti",Association of Owners and Drivers of Haiti APCH,Port-au-Prince city,Ouest department,Port-au-Prince arrondissement,"375,1736111","-235,6388889",POINT (-72.335 18.53917),Haiti,2024-02-18 00:00:00.000,9
407418,2021,G9,G-Pep,RNDDH,MASSACRES IN BEL-AIR AND CITÉ SOLEIL UNDER THE INDIFFERENT GAZE OF STATE AUTHORITIES,RNDDH report,Cité Soleil town,Ouest department,Port-au-Prince arrondissement,"402,0395833","-233,4770833",POINT (-72.331887 18.577857),Haiti,2021-01-28 00:00:00.000,2
407419,2021,G9,G-Pep,RNDDH,MASSACRES IN BEL-AIR AND CITÉ SOLEIL UNDER THE INDIFFERENT GAZE OF STATE AUTHORITIES,RNDDH report,Cité Soleil town,Ouest department,Port-au-Prince arrondissement,"402,0395833","-233,4770833",POINT (-72.331887 18.577857),Haiti,2021-02-03 00:00:00.000,1
407420,2021,G9,G-Pep,RNDDH,MASSACRES IN BEL-AIR AND CITÉ SOLEIL UNDER THE INDIFFERENT GAZE OF STATE AUTHORITIES,RNDDH report,Cité Soleil town,Ouest department,Port-au-Prince arrondissement,"402,0395833","-233,4770833",POINT (-72.331887 18.577857),Haiti,2021-02-25 00:00:00.000,3
407421,2021,G9,G-Pep,RNDDH,MASSACRES IN BEL-AIR AND CITÉ SOLEIL UNDER THE INDIFFERENT GAZE OF STATE AUTHORITIES,RNDDH report,Cité Soleil town,Ouest department,Port-au-Prince arrondissement,"402,0395833","-233,4770833",POINT (-72.331887 18.577857),Haiti,2021-04-25 00:00:00.000,1
395047,2021,G9,G-Pep,Vant Bef Info,Armed violence in Cité Soleil: At least 3 dead and several injured,official sources,Cité Soleil town,Ouest department,Port-au-Prince arrondissement,"402,0395833","-233,4770833",POINT (-72.331887 18.577857),Haiti,2021-04-26 00:00:00.000,3
407424,2021,G9,G-Pep,RNDDH;Haiti Infos Pro,"MASSACRES IN BEL-AIR AND CITÉ SOLEIL UNDER THE INDIFFERENT GAZE OF STATE AUTHORITIES;Cité-Soleil and the armed gangs, a marriage that still lasts",RNDDH report,Cité Soleil town,Ouest department,Port-au-Prince arrondissement,"402,0395833","-233,4770833",POINT (-72.331887 18.577857),Haiti,2021-05-12 00:00:00.000,15
407429,2021,G9,G-Pep,Vant Bef Info,Haiti / Insecurity: 2 people die during a clash between armed gangs in Cité Soleil,,Cité Soleil town,Ouest department,Port-au-Prince arrondissement,"402,0395833","-233,4770833",POINT (-72.331887 18.577857),Haiti,2021-05-29 00:00:00.000,2
407841,2021,G9,G-Pep,Fondasyon Je Klere,Communiqué / Situation de terreur dans la région métropolitaine : La FJKL appelle les autorités au respect de leur obligation de protéger les droits des citoyens/citoyennes,,Cité Soleil town,Ouest department,Port-au-Prince arrondissement,"402,0395833","-233,4770833",POINT (-72.331887 18.577857),Haiti,2021-06-25 00:00:00.000,25
445973,2022,G9,G-Pep,Reseau National de Défense des Droits Humains (RNDDH);Vant Bef Info,A new war in Cité Soleil: The RNDDH requires the immediate intervention of the police institution;Haiti: Resumption of armed clashes in Cité Soleil,RNDDH report,Cité Soleil town,Ouest department,Port-au-Prince arrondissement,"402,0395833","-233,4770833",POINT (-72.331887 18.577857),Haiti,2022-07-07 00:00:00.000,8
445974,2022,G9,G-Pep,Vant Bef Info;Reseau National de Défense des Droits Humains (RNDDH),Haiti: Resumption of armed clashes in Cité Soleil;A new war in Cité Soleil: The RNDDH requires the immediate intervention of the police institution,RNDDH report,Cité Soleil town,Ouest department,Port-au-Prince arrondissement,"402,0395833","-233,4770833",POINT (-72.331887 18.577857),Haiti,2022-07-08 00:00:00.000,47
445975,2022,G9,G-Pep,Reseau National de Défense des Droits Humains (RNDDH);Vant Bef Info,A new war in Cité Soleil: The RNDDH requires the immediate intervention of the police institution;Haiti: Resumption of armed clashes in Cité Soleil,RNDDH report,Cité Soleil town,Ouest department,Port-au-Prince arrondissement,"402,0395833","-233,4770833",POINT (-72.331887 18.577857),Haiti,2022-07-09 00:00:00.000,23
445976,2022,G9,G-Pep,Reseau National de Défense des Droits Humains (RNDDH),A new war in Cité Soleil: The RNDDH requires the immediate intervention of the police institution,RNDDH report,Cité Soleil town,Ouest department,Port-au-Prince arrondissement,"402,0395833","-233,4770833",POINT (-72.331887 18.577857),Haiti,2022-07-10 00:00:00.000,11
446029,2022,G9,G-Pep,United Nations Office for the Coordination of Humanitarian Affairs (OCHA);Haiti Libre,Daily Noon Briefing Highlights –   15 July 2022  Haiti;Haiti - Humanitarian : Insecurity prevents UN agencies from providing relief in Cité Soleil,OCHA,Cité Soleil town,Ouest department,Port-au-Prince arrondissement,"402,0395833","-233,4770833",POINT (-72.331887 18.577857),Haiti,2022-07-14 00:00:00.000,10
450904,2022,G9,G-Pep,Haiti Libre,Haiti - News : Zapping...,,Cité Soleil town,Ouest department,Port-au-Prince arrondissement,"402,0395833","-233,4770833",POINT (-72.331887 18.577857),Haiti,2022-09-11 00:00:00.000,5
510101,2023,G9,G-Pep,United Nations Security Council,S/2023/674,UN Security council,Cité Soleil town,Ouest department,Port-au-Prince arrondissement,"402,0395833","-233,4770833",POINT (-72.331887 18.577857),Haiti,2023-04-07 00:00:00.000,3
475466,2023,G9,G-Pep,Vant Bef Info;RNDDH;Fondasyon Je Klere,"Conflit armé à Cité Soleil: Au moins 70 morts selon l’ONU, plus d’une centaine selon un notable;Intensification of armed attacks: RNDDH demands explanations from the government authorities.;R A P P O R T Situation de terreur en Haïti, les chiffres noirs du gouvernement d’Ariel HENRY",OCHA,Cité Soleil town,Ouest department,Port-au-Prince arrondissement,"402,0395833","-233,4770833",POINT (-72.331887 18.577857),Haiti,2023-04-14 00:00:00.000,70
502844,2023,G9,G-Pep,Haiti Libre;Haiti Libre,Haiti - FLASH : Emergency evacuation of the Fontaine Hospital Center in Cité Soleil in the midst of urban guerrilla warfare;Haiti - News : Zapping...,authirities from the Fontaine Hospital Center,Cité Soleil town,Ouest department,Port-au-Prince arrondissement,"402,0395833","-233,4770833",POINT (-72.331887 18.577857),Haiti,2023-11-15 00:00:00.000,3
515950,2024,G9,G-Pep,Haiti Libre;UN Integrated Office in Haiti (BINUH);UN Security Council,Haiti - News : Zapping...;QUARTERLY REPORT ON THE HUMAN RIGHTS SITUATION IN HAITI;S/2024/253: Interim report of the Panel of Experts on Haiti submitted pursuant to resolution 2700 (2023),Haiti Libre; UN Security Council,Cité Soleil town,Ouest department,Port-au-Prince arrondissement,"402,0395833","-233,4770833",POINT (-72.331887 18.577857),Haiti,2024-01-27 00:00:00.000,30
514867,2024,G9,G-Pep,EFE News Service;UN Integrated Office in Haiti (BINUH),Hundreds of Haitians flee gang war;QUARTERLY REPORT ON THE HUMAN RIGHTS SITUATION IN HAITI,BINUH,Cité Soleil town,Ouest department,Port-au-Prince arrondissement,"402,0395833","-233,4770833",POINT (-72.331887 18.577857),Haiti,2024-02-08 00:00:00.000,64
563049,2024,G9,G-Pep,EFE News Service;UN Integrated Office in Haiti (BINUH),Hundreds of Haitians flee gang war;QUARTERLY REPORT ON THE HUMAN RIGHTS SITUATION IN HAITI,BINUH,Tabarre commune,Ouest department,Port-au-Prince arrondissement,"405,8402778","-188,1875",POINT (-72.26667 18.58333),Haiti,2024-02-08 00:00:00.000,65
515948,2024,400 Mawozo,Kraze Baryè,National Human Rights Defense Network (RNDDH);Haiti Libre;Vant Bef Info,A catastrophic human rights situation from January to March 2024: RNDDH alerts the public;Haiti - News : Zapping...;Pernier : affrontements armés sanglants entre les hommes de Lanmò San Jou et ceux de Vitelomme,RNDDH,Pétion-Ville town,Ouest department,Port-au-Prince arrondissement,"356,68125","-201,06875",POINT (-72.285219 18.512541),Haiti,2024-01-30 00:00:00.000,4
491402,2023,Grand Ravine,Civilians,Vant Bef Info;RNDDH,"Carrefour-Feuilles : Un écolier tué, plusieurs résidents blessés lors d’une attaque armée des bandits de Gran-Ravin;The resurgence of acts against lives and property: RNDDH urges police authorities to act.",RNDDH,Port-au-Prince city,Ouest department,Port-au-Prince arrondissement,"375,1736111","-235,6388889",POINT (-72.335 18.53917),Haiti,2023-05-24 00:00:00.000,1
511106,2023,Grand Ravine,Civilians,RNDDH;Haiti Libre;Haiti Libre,"The Increasing violence in the West and Artibonite departments: RNDDH denounces the complicity of the CSPN.;Haiti - FLASH : More than 30 dead in the attacks in Carrefour-Feuilles;Haiti - Insecurity : Dead, injured kidnappings the daily hell of Haitians",RNDDH,Port-au-Prince city,Ouest department,Port-au-Prince arrondissement,"375,1736111","-235,6388889",POINT (-72.335 18.53917),Haiti,2023-08-07 00:00:00.000,1
511107,2023,Grand Ravine,Civilians,Haiti Libre;Haiti Libre;RNDDH,"Haiti - Insecurity : Dead, injured kidnappings the daily hell of Haitians;Haiti - FLASH : More than 30 dead in the attacks in Carrefour-Feuilles;The Increasing violence in the West and Artibonite departments: RNDDH denounces the complicity of the CSPN.",RNDDH,Port-au-Prince city,Ouest department,Port-au-Prince arrondissement,"375,1736111","-235,6388889",POINT (-72.335 18.53917),Haiti,2023-08-08 00:00:00.000,1
511109,2023,Grand Ravine,Civilians,RNDDH;Haiti Libre;Haiti Libre,"The Increasing violence in the West and Artibonite departments: RNDDH denounces the complicity of the CSPN.;Haiti - FLASH : More than 30 dead in the attacks in Carrefour-Feuilles;Haiti - Insecurity : Dead, injured kidnappings the daily hell of Haitians",RNDDH,Port-au-Prince city,Ouest department,Port-au-Prince arrondissement,"375,1736111","-235,6388889",POINT (-72.335 18.53917),Haiti,2023-08-12 00:00:00.000,1
511115,2023,Grand Ravine,Civilians,RNDDH;Haiti Libre;Haiti Libre,"The Increasing violence in the West and Artibonite departments: RNDDH denounces the complicity of the CSPN.;Haiti - Insecurity : Dead, injured kidnappings the daily hell of Haitians;Haiti - FLASH : More than 30 dead in the attacks in Carrefour-Feuilles",RNDDH,Port-au-Prince city,Ouest department,Port-au-Prince arrondissement,"375,1736111","-235,6388889",POINT (-72.335 18.53917),Haiti,2023-08-13 00:00:00.000,25
511117,2023,Grand Ravine,Civilians,Haiti Libre;Haiti Libre;RNDDH,"Haiti - FLASH : More than 30 dead in the attacks in Carrefour-Feuilles;Haiti - Insecurity : Dead, injured kidnappings the daily hell of Haitians;The Increasing violence in the West and Artibonite departments: RNDDH denounces the complicity of the CSPN.",RNDDH,Port-au-Prince city,Ouest department,Port-au-Prince arrondissement,"375,1736111","-235,6388889",POINT (-72.335 18.53917),Haiti,2023-08-13 00:00:00.000,2
511121,2023,Grand Ravine,Civilians,RNDDH;Haiti Libre;Haiti Libre,"The Increasing violence in the West and Artibonite departments: RNDDH denounces the complicity of the CSPN.;Haiti - Insecurity : Dead, injured kidnappings the daily hell of Haitians;Haiti - FLASH : More than 30 dead in the attacks in Carrefour-Feuilles",RNDDH,Port-au-Prince city,Ouest department,Port-au-Prince arrondissement,"375,1736111","-235,6388889",POINT (-72.335 18.53917),Haiti,2023-08-14 00:00:00.000,18
510924,2023,Grand Ravine,Civilians,Haiti Libre;RNDDH;Haiti Libre,"Haiti - Insecurity : Dead, injured kidnappings the daily hell of Haitians;The Increasing violence in the West and Artibonite departments: RNDDH denounces the complicity of the CSPN.;Haiti - FLASH : More than 30 dead in the attacks in Carrefour-Feuilles",,Port-au-Prince city,Ouest department,Port-au-Prince arrondissement,"375,1736111","-235,6388889",POINT (-72.335 18.53917),Haiti,2023-08-14 00:00:00.000,3
492458,2023,Grand Ravine,Civilians,Haiti Libre;Haiti Libre;RNDDH,"Haiti - Insecurity : Dead, injured kidnappings the daily hell of Haitians;Haiti - FLASH : More than 30 dead in the attacks in Carrefour-Feuilles;The Increasing violence in the West and Artibonite departments: RNDDH denounces the complicity of the CSPN.",,Port-au-Prince city,Ouest department,Port-au-Prince arrondissement,"375,1736111","-235,6388889",POINT (-72.335 18.53917),Haiti,2023-08-14 00:00:00.000,7
502904,2023,Grand Ravine,Civilians,Haiti Libre,Haiti - News : Zapping...,,Port-au-Prince city,Ouest department,Port-au-Prince arrondissement,"375,1736111","-235,6388889",POINT (-72.335 18.53917),Haiti,2023-11-25 00:00:00.000,6
563117,2024,Grand Ravine,Civilians,UN Integrated Office in Haiti (BINUH),QUARTERLY REPORT ON THE HUMAN RIGHTS SITUATION IN HAITI,BINUH,Port-au-Prince arrondissement,Ouest department,Port-au-Prince arrondissement,"347,9722222","-257,6319444",POINT (-72.36667 18.5),Haiti,2024-01-01 00:00:00.000,3
563118,2024,Grand Ravine,Civilians,UN Integrated Office in Haiti (BINUH),QUARTERLY REPORT ON THE HUMAN RIGHTS SITUATION IN HAITI,BINUH,RN2 between Carrefour and Gressier,Ouest department,Port-au-Prince arrondissement,"380,1472222","-328,3159722",POINT (-72.468455 18.546332),Haiti,2024-01-01 00:00:00.000,24
510177,2023,G-Pep,Civilians,The National Human Rights Defense Network (RNDDH),The reign of Prime Minister Ariel HENRY Or The fury of the armed gangs,RNDDH,Port-au-Prince city,Ouest department,Port-au-Prince arrondissement,"375,1736111","-235,6388889",POINT (-72.335 18.53917),Haiti,2023-02-27 00:00:00.000,3
510168,2023,G-Pep,Civilians,The National Human Rights Defense Network (RNDDH),The reign of Prime Minister Ariel HENRY Or The fury of the armed gangs,RNDDH,Port-au-Prince city,Ouest department,Port-au-Prince arrondissement,"375,1736111","-235,6388889",POINT (-72.335 18.53917),Haiti,2023-03-01 00:00:00.000,1
510160,2023,G-Pep,Civilians,The National Human Rights Defense Network (RNDDH),The reign of Prime Minister Ariel HENRY Or The fury of the armed gangs,RNDDH,Port-au-Prince city,Ouest department,Port-au-Prince arrondissement,"375,1736111","-235,6388889",POINT (-72.335 18.53917),Haiti,2023-03-01 00:00:00.000,5
510161,2023,G-Pep,Civilians,The National Human Rights Defense Network (RNDDH),The reign of Prime Minister Ariel HENRY Or The fury of the armed gangs,RNDDH,Port-au-Prince city,Ouest department,Port-au-Prince arrondissement,"375,1736111","-235,6388889",POINT (-72.335 18.53917),Haiti,2023-03-02 00:00:00.000,15
510170,2023,G-Pep,Civilians,The National Human Rights Defense Network (RNDDH),The reign of Prime Minister Ariel HENRY Or The fury of the armed gangs,RNDDH,Port-au-Prince city,Ouest department,Port-au-Prince arrondissement,"375,1736111","-235,6388889",POINT (-72.335 18.53917),Haiti,2023-03-03 00:00:00.000,2
510174,2023,G-Pep,Civilians,The National Human Rights Defense Network (RNDDH),The reign of Prime Minister Ariel HENRY Or The fury of the armed gangs,RNDDH,Port-au-Prince city,Ouest department,Port-au-Prince arrondissement,"375,1736111","-235,6388889",POINT (-72.335 18.53917),Haiti,2023-03-05 00:00:00.000,1
510172,2023,G-Pep,Civilians,The National Human Rights Defense Network (RNDDH),The reign of Prime Minister Ariel HENRY Or The fury of the armed gangs,RNDDH,Port-au-Prince city,Ouest department,Port-au-Prince arrondissement,"375,1736111","-235,6388889",POINT (-72.335 18.53917),Haiti,2023-03-07 00:00:00.000,1
510175,2023,G-Pep,Civilians,The National Human Rights Defense Network (RNDDH),The reign of Prime Minister Ariel HENRY Or The fury of the armed gangs,RNDDH,Port-au-Prince city,Ouest department,Port-au-Prince arrondissement,"375,1736111","-235,6388889",POINT (-72.335 18.53917),Haiti,2023-03-09 00:00:00.000,2
510446,2023,G-Pep,Civilians,BINUH,Situation des droits de l’homme Principales tendances Rapport trimestriel : Juillet - Septembre 2023,BINUH,Cité Soleil town,Ouest department,Port-au-Prince arrondissement,"402,0395833","-233,4770833",POINT (-72.331887 18.577857),Haiti,2023-08-01 00:00:00.000,19
563103,2024,G-Pep,Civilians,UN Integrated Office in Haiti (BINUH),QUARTERLY REPORT ON THE HUMAN RIGHTS SITUATION IN HAITI,BINUH,Cité Soleil town,Ouest department,Port-au-Prince arrondissement,"402,0395833","-233,4770833",POINT (-72.331887 18.577857),Haiti,2024-01-15 00:00:00.000,5
508686,2024,G-Pep,Civilians,The Guardian;Haiti Libre;Haiti Libre;UN Integrated Office in Haiti (BINUH),Haiti: residents trapped as armed gangs target key pocket of Port-au-Prince;Haiti - News : Zapping...;Haiti - News : Zapping...;QUARTERLY REPORT ON THE HUMAN RIGHTS SITUATION IN HAITI,Haiti Libre,Port-au-Prince city,Ouest department,Port-au-Prince arrondissement,"375,1736111","-235,6388889",POINT (-72.335 18.53917),Haiti,2024-01-16 00:00:00.000,2
511239,2024,G-Pep,Civilians,Associated Press Newswires;UN Integrated Office in Haiti (BINUH),Gangs in Haiti have attacked a community for 4 days and residents fear the violence could spread;QUARTERLY REPORT ON THE HUMAN RIGHTS SITUATION IN HAITI,witness; BINUH,Port-au-Prince city,Ouest department,Port-au-Prince arrondissement,"375,1736111","-235,6388889",POINT (-72.335 18.53917),Haiti,2024-01-18 00:00:00.000,6
510100,2023,Terre Noire,Civilians,United Nations Security Council,S/2023/674,UN Security council,Cité Soleil town,Ouest department,Port-au-Prince arrondissement,"402,0395833","-233,4770833",POINT (-72.331887 18.577857),Haiti,2023-04-08 00:00:00.000,72
515164,2024,Government of Haiti,Viv Ansanm,EFE News Service;Reuters News;Agence France Presse;EFE News Service;Haiti Libre,"Some 3,600 prisoners fled Haitian prison in attack by armed gangs, NGO says;UPDATE 4-Haiti declares state of emergency amid violence, inmates on the run;At least a dozen dead in massive Haiti jailbreak: AFP reporter;Several killed after armed assailants overran Haiti's largest prison;Haiti - FLASH : The National Penitentiary stormed, many prisoners escape, chaos in the capital (Video)",AFP reporter,Port-au-Prince city,Ouest department,Port-au-Prince arrondissement,"375,1736111","-235,6388889",POINT (-72.335 18.53917),Haiti,2024-03-02 00:00:00.000,10
515220,2024,Government of Haiti,Viv Ansanm,Agence France Presse,Gunshots ring out as gang crisis brings Haiti to 'standstill',family of deceased,Port-au-Prince city,Ouest department,Port-au-Prince arrondissement,"375,1736111","-235,6388889",POINT (-72.335 18.53917),Haiti,2024-03-02 00:00:00.000,1
562608,2024,Government of Haiti,Viv Ansanm,Reuters News,"UPDATE 4-Haiti declares state of emergency amid violence, inmates on the run",,Port-au-Prince city,Ouest department,Port-au-Prince arrondissement,"375,1736111","-235,6388889",POINT (-72.335 18.53917),Haiti,2024-03-02 00:00:00.000,3
516264,2024,Government of Haiti,Viv Ansanm,Haiti Libre,Haiti - News : Zapping...,Haiti Libre,Port-au-Prince city,Ouest department,Port-au-Prince arrondissement,"375,1736111","-235,6388889",POINT (-72.335 18.53917),Haiti,2024-03-05 00:00:00.000,6
515223,2024,Government of Haiti,Viv Ansanm,EFE News Service;Agence France Presse;Haiti Libre;Agence France Presse,CARICOM holds meeting in Kingston on Monday to ease Haiti crisis;Haiti capital a 'city under siege' amid spasm of gang violence;Haiti - FLASH : Bloody failure of an attempt to take the National Palace;Emergency Caribbean summit to address Haiti gang crisis,Lionel Lazarre of the Haitian police union,Port-au-Prince city,Ouest department,Port-au-Prince arrondissement,"375,1736111","-235,6388889",POINT (-72.335 18.53917),Haiti,2024-03-08 00:00:00.000,3
518161,2024,Government of Haiti,Viv Ansanm,Agence France Presse;Vant Bef Info;EFE News Service;Haiti Libre,Police operation in Haiti capital against 'Barbecue' gang;Opération de la PNH à Delmas 6: plusieurs morts dans le fief du chef de gang « Barbecue »;Haitian police say it killed several members of Barbecue's gangs;Haiti - FLASH : Strong operation of the PNH in the territory of «Barbecue»,Lionel Lazarre of the Haitian police union (SYNAPOHA),Port-au-Prince city,Ouest department,Port-au-Prince arrondissement,"375,1736111","-235,6388889",POINT (-72.335 18.53917),Haiti,2024-03-15 00:00:00.000,3
518194,2024,Government of Haiti,Viv Ansanm,EFE News Service;Vant Bef Info;Haiti Libre,More bodies found in streets of Port-au-Prince;Haïti-Insécurité : un policier affecté à la Primature tué par balles à Delmas;Haiti - News : Zapping...,national police union (Synapoha).,Port-au-Prince city,Ouest department,Port-au-Prince arrondissement,"375,1736111","-235,6388889",POINT (-72.335 18.53917),Haiti,2024-03-20 00:00:00.000,1
518201,2024,Government of Haiti,Viv Ansanm,EFE News Service;Haiti Libre;Reuters News,Another 12 killed in clashes in Haiti on the night names of interim council announced;Haiti - FLASH : Between 30 and 40 killed in Pétion-ville in 5 days;Haiti gang leader killed as transition council nears completion,Haiti Libre,Pétion-Ville town,Ouest department,Port-au-Prince arrondissement,"356,68125","-201,06875",POINT (-72.285219 18.512541),Haiti,2024-03-21 00:00:00.000,12
518673,2024,Government of Haiti,Viv Ansanm,Haiti Libre,Haiti - News : Zapping...,Haiti Libre,Cité Soleil town,Ouest department,Port-au-Prince arrondissement,"402,0395833","-233,4770833",POINT (-72.331887 18.577857),Haiti,2024-03-25 00:00:00.000,1
518651,2024,Government of Haiti,Viv Ansanm,Vant Bef Info,Des membres du gang « kraze Baryè » tués à Pétion-Ville,Vant Bef Info,Pétion-Ville town,Ouest department,Port-au-Prince arrondissement,"356,68125","-201,06875",POINT (-72.285219 18.512541),Haiti,2024-03-26 00:00:00.000,5
518653,2024,Government of Haiti,Viv Ansanm,Vant Bef Info;Haiti Libre,Quatre bandits abattus à Pétion-Ville;Haiti - News : Zapping...,"Vant Bef Info, Haiti Libre",Pétion-Ville town,Ouest department,Port-au-Prince arrondissement,"356,68125","-201,06875",POINT (-72.285219 18.512541),Haiti,2024-04-01 00:00:00.000,4
518654,2024,Government of Haiti,Viv Ansanm,Vant Bef Info,Carrefour de l’aéroport : la nouvelle zone à risque (VAR),Vant Bef Info; traders in the area,Delmas town,Ouest department,Port-au-Prince arrondissement,"387,1347222","-208,5506944",POINT (-72.295993 18.556394),Haiti,2024-04-01 00:00:00.000,2
518655,2024,Government of Haiti,Viv Ansanm,Vant Bef Info,Centre-ville de Port-au-Prince : portrait d’une ville chaotique,Vant Bef Info,Port-au-Prince city,Ouest department,Port-au-Prince arrondissement,"375,1736111","-235,6388889",POINT (-72.335 18.53917),Haiti,2024-04-01 00:00:00.000,2
518750,2024,Government of Haiti,Viv Ansanm,Haiti Libre,"Haiti - FLASH : 2nd attack on the National Palace, update on the situation",Haiti Libre,Port-au-Prince city,Ouest department,Port-au-Prince arrondissement,"375,1736111","-235,6388889",POINT (-72.335 18.53917),Haiti,2024-04-01 00:00:00.000,0
518204,2024,Government of Haiti,Viv Ansanm,Reuters News;Haiti Libre;BINUH,Panic in Haiti's capital as wild shooting fills streets;Haiti - News : Zapping...;QUARTERLY REPORT ON THE HUMAN RIGHTS SITUATION IN HAITI April - June 2024,media,Port-au-Prince city,Ouest department,Port-au-Prince arrondissement,"375,1736111","-235,6388889",POINT (-72.335 18.53917),Haiti,2024-04-01 00:00:00.000,0
518205,2024,Government of Haiti,Viv Ansanm,EFE News Service;EFE News Service;EFE News Service,"Clashes and shootings between gangs and police in Haiti throughout the day;Haiti's National Palace attacked by gunmen;Clashes between Haitian police, armed gangs continue in center of capital",local media,Port-au-Prince city,Ouest department,Port-au-Prince arrondissement,"375,1736111","-235,6388889",POINT (-72.335 18.53917),Haiti,2024-04-01 00:00:00.000,2
518759,2024,Government of Haiti,Viv Ansanm,Haiti Libre;ICI Haiti,"Haiti - FLASH : After intense fighting, the PNH regains control of the pirated ship «Magalie» (Video);iciHaiti - Insecurity : The «5 Seconds» gang threatens Arcahaie with a massacre",PNH,Port-au-Prince city,Ouest department,Port-au-Prince arrondissement,"375,1736111","-235,6388889",POINT (-72.335 18.53917),Haiti,2024-04-04 00:00:00.000,3
563753,2024,Government of Haiti,Viv Ansanm,National Human Rights Defense Network (RNDDH),"Murders, Rapes, Looting, and Arson in Carrefour and Gressier Under the Indifferent Gaze of the New State Authorities",RNDDH,Carrefour commune,Ouest department,Port-au-Prince arrondissement,"320,575","-289,1277778",POINT (-72.412024 18.460548),Haiti,2024-04-15 00:00:00.000,1
562272,2024,Government of Haiti,Viv Ansanm,National Human Rights Defense Network (RNDDH);National Human Rights Defense Network (RNDDH),"Survey on the Functioning of the PNH: Police Officers Demand Better Working Conditions;Murders, Rapes, Looting, and Arson in Carrefour and Gressier Under the Indifferent Gaze of the New State Authorities",Police; RNDDH,Carrefour commune,Ouest department,Port-au-Prince arrondissement,"320,575","-289,1277778",POINT (-72.412024 18.460548),Haiti,2024-04-18 00:00:00.000,1
565622,2024,Government of Haiti,Viv Ansanm,National Human Rights Defense Network (RNDDH),"Murders, Rapes, Looting, and Arson in Carrefour and Gressier Under the Indifferent Gaze of the New State Authorities",RNDDH,Gressier commune,Ouest department,Port-au-Prince arrondissement,"382,6944444","-361,7965278",POINT (-72.516667 18.55),Haiti,2024-05-10 00:00:00.000,1
565623,2024,Government of Haiti,Viv Ansanm,National Human Rights Defense Network (RNDDH),"Murders, Rapes, Looting, and Arson in Carrefour and Gressier Under the Indifferent Gaze of the New State Authorities",RNDDH,Gressier commune,Ouest department,Port-au-Prince arrondissement,"382,6944444","-361,7965278",POINT (-72.516667 18.55),Haiti,2024-05-11 00:00:00.000,1
531228,2024,Government of Haiti,Viv Ansanm,Vant Bef Info,Un membre du gang « Kraze Baryè » abattu à Tabarre,PNH facebook page,Tabarre commune,Ouest department,Port-au-Prince arrondissement,"405,8402778","-188,1875",POINT (-72.26667 18.58333),Haiti,2024-05-17 00:00:00.000,0
525042,2024,Government of Haiti,Viv Ansanm,EFE News Service,Haiti prepares for the arrival of the Multinational Security Support Force,police,Gressier commune,Ouest department,Port-au-Prince arrondissement,"382,6944444","-361,7965278",POINT (-72.516667 18.55),Haiti,2024-05-19 00:00:00.000,3
530802,2024,Government of Haiti,Viv Ansanm,EFE News Service;Associated Press Newswires;National Human Rights Defense Network (RNDDH),Three agents of Haitian anti-gang police unit killed in ambush;Newly chosen Haitian prime minister discharged from a hospital after spending a night in treatment;Survey on the Functioning of the PNH: Police Officers Demand Better Working Conditions,"Barbecue, SYNAPOHA",Port-au-Prince city,Ouest department,Port-au-Prince arrondissement,"375,1736111","-235,6388889",POINT (-72.335 18.53917),Haiti,2024-06-09 00:00:00.000,3
531216,2024,Government of Haiti,Viv Ansanm,Haiti Libre,"Haiti - Security : Bandits routed, Gressier police station taken over",Haiti Libre,Gressier commune,Ouest department,Port-au-Prince arrondissement,"382,6944444","-361,7965278",POINT (-72.516667 18.55),Haiti,2024-07-01 00:00:00.000,3
546698,2024,Government of Haiti,Viv Ansanm,Haiti Libre,"Haiti - PNH report : 15 dead, 13 arrests, weapons and ammunition seized (Video)","Divisional Commissioner Michel Ange Louis Jeune, Spokesperson for the Haitian National Police (PNH)",Tabarre commune,Ouest department,Port-au-Prince arrondissement,"405,8402778","-188,1875",POINT (-72.26667 18.58333),Haiti,2024-08-15 00:00:00.000,4
539865,2024,Government of Haiti,Viv Ansanm,Vant Bèf Info,Gressier: several bandits shot dead during a clash with the police,Vant Bèf Info,Gressier commune,Ouest department,Port-au-Prince arrondissement,"382,6944444","-361,7965278",POINT (-72.516667 18.55),Haiti,2024-08-24 00:00:00.000,4
545430,2024,Government of Haiti,Viv Ansanm,International Crisis Group,Crisis Watch: Haiti September 2024,,Port-au-Prince city,Ouest department,Port-au-Prince arrondissement,"375,1736111","-235,6388889",POINT (-72.335 18.53917),Haiti,2024-09-05 00:00:00.000,0
545429,2024,Government of Haiti,Viv Ansanm,International Crisis Group,Crisis Watch: Haiti September 2024,,Port-au-Prince city,Ouest department,Port-au-Prince arrondissement,"375,1736111","-235,6388889",POINT (-72.335 18.53917),Haiti,2024-09-08 00:00:00.000,0
552498,2024,Government of Haiti,Viv Ansanm,Associated Press Newswires;The Haitian Times;Vant Bef Info,A gang leader in Haiti is injured in a shootout with Haitian and Kenyan police;Haitian and multinational forces kill 20 gang members in Pétion-Ville as calls for stronger international support increase;La Police mène plusieurs opérations pour des fragments de résultats,Haiti National Police,Torcelle town,Ouest department,Port-au-Prince arrondissement,"376,3611111","-168,8680556",POINT (-72.23885 18.54088),Haiti,2024-10-12 00:00:00.000,11
553656,2024,Government of Haiti,Viv Ansanm,Vant Bef Info;Associated Press Newswires;The Haitian Times,La Police mène plusieurs opérations pour des fragments de résultats;A gang leader in Haiti is injured in a shootout with Haitian and Kenyan police;Haitian and multinational forces kill 20 gang members in Pétion-Ville as calls for stronger international support increase,Haiti National Police,Torcelle town,Ouest department,Port-au-Prince arrondissement,"376,3611111","-168,8680556",POINT (-72.23885 18.54088),Haiti,2024-10-14 00:00:00.000,10
553045,2024,Government of Haiti,Viv Ansanm,Associated Press Newswires;Haiti Libre;Haiti Libre;Ayibo Post,"Gang coalition in Haiti spreads violence to Port-au-Prince neighborhood, setting fire to homes;Haiti - News : Zapping...;Haiti - News : Zapping...;An early morning attack on Tuesday highlights the ambitions of members of the gang coalition known as Viv Ansanm","SPNH-17, a national police union.",Port-au-Prince city,Ouest department,Port-au-Prince arrondissement,"375,1736111","-235,6388889",POINT (-72.335 18.53917),Haiti,2024-10-26 00:00:00.000,4
554430,2024,Government of Haiti,Viv Ansanm,Haiti Libre,Haiti - News : Zapping…,Haiti Libre,Port-au-Prince city,Ouest department,Port-au-Prince arrondissement,"375,1736111","-235,6388889",POINT (-72.335 18.53917),Haiti,2024-11-14 00:00:00.000,1
554475,2024,Government of Haiti,Viv Ansanm,Haiti Libre;Haiti Libre,Haiti - Security : The PNH strengthens its presence in the capital and continues its fight against gangs (Video);Haiti - News : Zapping...,Haiti Libre,Port-au-Prince city,Ouest department,Port-au-Prince arrondissement,"375,1736111","-235,6388889",POINT (-72.335 18.53917),Haiti,2024-11-18 00:00:00.000,3
553286,2024,Government of Haiti,Viv Ansanm,Ayibo Post;El Nuevo Herald;Haiti Libre,"Gangs are acquiring more territory in Haiti despite the presence of Kenyan forces;La policía y los residentes matan a decenas de pandilleros haitianos tras un ataque en Pétion-Ville  Read more at: https://www.elnuevoherald.com/noticias/america-latina/el-caribe/article295851749.html#storylink=cpy;Haiti - FLASH : Attempted takeover of Pétion-ville, at least 28 bandits killed","Lionel Lazarre, a police spokesperson.",Port-au-Prince city,Ouest department,Port-au-Prince arrondissement,"375,1736111","-235,6388889",POINT (-72.335 18.53917),Haiti,2024-11-19 00:00:00.000,10
553665,2024,Government of Haiti,Viv Ansanm,Vant Bef Info,Opération policière à Delmas : plusieurs bandits tués et une arme à feu saisie,The Haitian National Police (PNH),Port-au-Prince city,Ouest department,Port-au-Prince arrondissement,"375,1736111","-235,6388889",POINT (-72.335 18.53917),Haiti,2024-11-22 00:00:00.000,3
554819,2024,Government of Haiti,Viv Ansanm,ICI Haiti,iciHaiti - Kenscoff : 4 bandits fatally injured,Police,Kenscoff commune,Ouest department,Port-au-Prince arrondissement,"313,25","-199,7590278",POINT (-72.283333 18.45),Haiti,2024-11-23 00:00:00.000,4
556372,2024,Government of Haiti,Viv Ansanm,EFE News Service,"Haitian police raid Barbecue's stronghold, killing 20 gang members and seizing weapons",Deputy police spokesman Lionel Lazarre,Port-au-Prince city,Ouest department,Port-au-Prince arrondissement,"375,1736111","-235,6388889",POINT (-72.335 18.53917),Haiti,2024-11-26 00:00:00.000,20
561430,2024,Government of Haiti,Viv Ansanm,Haiti Libre,Haiti - News : Zapping...,Haiti Libre,Port-au-Prince city,Ouest department,Port-au-Prince arrondissement,"375,1736111","-235,6388889",POINT (-72.335 18.53917),Haiti,2024-12-06 00:00:00.000,2
561582,2024,Government of Haiti,Viv Ansanm,Vant Bef Info;El País,Delmas: PNH repels attack on Bernard Mevs hospital;Hospitales bajo fuego: la violencia de las pandillas pone en jaque al sistema de salud en Haití,internal source at the Bernard Mevs hospital; Vant Bef Info,Port-au-Prince city,Ouest department,Port-au-Prince arrondissement,"375,1736111","-235,6388889",POINT (-72.335 18.53917),Haiti,2024-12-15 00:00:00.000,3
561382,2024,Government of Haiti,Viv Ansanm,Dominican Today;Vant Bef Info,"Haiti - FLASH : Hard blow for «Barbecue», the PNH killed his right arm;Police operation: influential gang leader killed by PNH","Lionel Lazarre, Deputy Spokesperson for the PNH",Port-au-Prince city,Ouest department,Port-au-Prince arrondissement,"375,1736111","-235,6388889",POINT (-72.335 18.53917),Haiti,2024-12-15 00:00:00.000,3
561488,2024,Government of Haiti,Viv Ansanm,Haiti Libre,Haiti - News : Zapping...,PNH,Port-au-Prince city,Ouest department,Port-au-Prince arrondissement,"375,1736111","-235,6388889",POINT (-72.335 18.53917),Haiti,2024-12-21 00:00:00.000,3
561383,2024,Government of Haiti,Viv Ansanm,ICI Haiti;Reuters;Inquirer.net;Associated Press Newswires,"iciHaiti - Insecurity : Attack on General Hospital, Death Toll rises;Armed men fire on Haiti hospital reopening, killing at least 3;Two journalists killed by gangs in Haiti capital – local media group  Read more: https://globalnation.inquirer.net/259181/two-journalists-killed-by-gangs-in-haiti-capital-local-media-group#ixzz8yBWYeSvO Follow us: @inquirerdotnet on Twitter | inquirerdotnet on Facebook;Haiti’s health minister loses his job after a deadly gang attack on a hospital in the capital","a journalist at the scene who asked not to be named; Leslie Voltaire, who heads Haiti's transitional presidential council; Robest Dimanche, spokesperson for the Online Media Collective; hospital sources",Port-au-Prince city,Ouest department,Port-au-Prince arrondissement,"375,1736111","-235,6388889",POINT (-72.335 18.53917),Haiti,2024-12-24 00:00:00.000,4
561489,2024,Government of Haiti,Viv Ansanm,ICI Haiti,"iciHaiti - Cité Soleil : Several bandits killed, weapons and ammunition seized",ICI Haiti,Cité Soleil town,Ouest department,Port-au-Prince arrondissement,"402,0395833","-233,4770833",POINT (-72.331887 18.577857),Haiti,2024-12-26 00:00:00.000,3
516282,2024,Viv Ansanm,Civilians,ICI Haiti,iciHaiti - FLASH : Situation Monday in Port-au-Prince,ICI Haiti,Port-au-Prince city,Ouest department,Port-au-Prince arrondissement,"375,1736111","-235,6388889",POINT (-72.335 18.53917),Haiti,2024-03-04 00:00:00.000,1
515901,2024,Viv Ansanm,Civilians,Vant Bef Info,Consternation à Carrefour suite à la décapitation d’un pasteur,church faithful,Carrefour commune,Ouest department,Port-au-Prince arrondissement,"320,575","-289,1277778",POINT (-72.412024 18.460548),Haiti,2024-03-08 00:00:00.000,1
515902,2024,Viv Ansanm,Civilians,Vant Bef Info;Réseau National de Défense de Droits Humains - RNDDH,Belle-ville : un enfant de 7 ans tué par balles à la suite d’une attaque armée des hommes de Vitelhomme;RNDDH's position on the chaotic situation in Haiti,"witnesses, neighbors",Torcelle town,Ouest department,Port-au-Prince arrondissement,"376,3611111","-168,8680556",POINT (-72.23885 18.54088),Haiti,2024-03-13 00:00:00.000,1
518167,2024,Viv Ansanm,Civilians,Réseau National de Défense de Droits Humains - RNDDH;Agence France Presse;Associated Press Newswires;EFE News Service;Reuters News;International Crisis Group;Vant Bef Info,"RNDDH's position on the chaotic situation in Haiti;14 bodies found in Haiti capital suburb amid gang violence;Gangs unleash new attacks on upscale areas in Haiti's capital, with at least a dozen killed nearby;Violence continues in Haiti ahead of presidential transition;UPDATE 1-Haiti suspected gang members set on fire as conflict spreads to capital suburb;Will a New Government Halt Haiti’s Nosedive?;Haïti-Insécurité: Environ une dizaine de cadavres découverts à Pétion-Ville",AFP reporter; witnesses,Pétion-Ville town,Ouest department,Port-au-Prince arrondissement,"356,68125","-201,06875",POINT (-72.285219 18.512541),Haiti,2024-03-18 00:00:00.000,14
518177,2024,Viv Ansanm,Civilians,EFE News Service;Reuters News;Haiti Libre;National Human Rights Defense Network (RNDDH),"Bloody scenes give way to day of relative calm in Haiti;UPDATE 1-Haiti suspected gang members set on fire as conflict spreads to capital suburb;Haiti - FLASH : Corpses litter the streets of Pétion-ville;A catastrophic human rights situation from January to March 2024: RNDDH alerts the public April 10,",Haitian National Police,Port-au-Prince city,Ouest department,Port-au-Prince arrondissement,"375,1736111","-235,6388889",POINT (-72.335 18.53917),Haiti,2024-03-18 00:00:00.000,3
563765,2024,Viv Ansanm,Civilians,National Human Rights Defense Network (RNDDH),"Murders, Rapes, Looting, and Arson in Carrefour and Gressier Under the Indifferent Gaze of the New State Authorities",RNDDH,Carrefour commune,Ouest department,Port-au-Prince arrondissement,"320,575","-289,1277778",POINT (-72.412024 18.460548),Haiti,2024-03-21 00:00:00.000,2
518203,2024,Viv Ansanm,Civilians,Haiti Libre;Reuters News;Vant Bef Info,Haiti - News : Zapping...;Panic in Haiti's capital as wild shooting fills streets;Haïti-insécurité : encore des morts à Pétion Ville,media; Vant Bef Info,Pétion-Ville town,Ouest department,Port-au-Prince arrondissement,"356,68125","-201,06875",POINT (-72.285219 18.512541),Haiti,2024-03-31 00:00:00.000,4
563402,2024,Viv Ansanm,Civilians,BINUH,QUARTERLY REPORT ON THE HUMAN RIGHTS SITUATION IN HAITI  April - June 2024,BINUH,Cité Soleil town,Ouest department,Port-au-Prince arrondissement,"402,0395833","-233,4770833",POINT (-72.331887 18.577857),Haiti,2024-04-01 00:00:00.000,28
563409,2024,Viv Ansanm,Civilians,BINUH,QUARTERLY REPORT ON THE HUMAN RIGHTS SITUATION IN HAITI  April - June 2024,BINUH,Tabarre commune,Ouest department,Port-au-Prince arrondissement,"405,8402778","-188,1875",POINT (-72.26667 18.58333),Haiti,2024-04-01 00:00:00.000,5
563413,2024,Viv Ansanm,Civilians,BINUH,QUARTERLY REPORT ON THE HUMAN RIGHTS SITUATION IN HAITI  April - June 2024,BINUH,Pétion-Ville town,Ouest department,Port-au-Prince arrondissement,"356,68125","-201,06875",POINT (-72.285219 18.512541),Haiti,2024-04-01 00:00:00.000,5
563757,2024,Viv Ansanm,Civilians,National Human Rights Defense Network (RNDDH);Telepluriel,"Murders, Rapes, Looting, and Arson in Carrefour and Gressier Under the Indifferent Gaze of the New State Authorities;Actualité à la une : Journée de terreur le jeudi 18 avril 2024 à Carrefour. Les gangs armés ont attaqué le commissariat de police couramment appelé Oméga. Au moins 7 personnes dont deux policiers ont été tuées à Waney 93",RNDDH,Carrefour commune,Ouest department,Port-au-Prince arrondissement,"320,575","-289,1277778",POINT (-72.412024 18.460548),Haiti,2024-04-18 00:00:00.000,6
565632,2024,Viv Ansanm,Civilians,National Human Rights Defense Network (RNDDH),"Murders, Rapes, Looting, and Arson in Carrefour and Gressier Under the Indifferent Gaze of the New State Authorities",RNDDH,Gressier commune,Ouest department,Port-au-Prince arrondissement,"382,6944444","-361,7965278",POINT (-72.516667 18.55),Haiti,2024-05-01 00:00:00.000,1
563771,2024,Viv Ansanm,Civilians,National Human Rights Defense Network (RNDDH),"Murders, Rapes, Looting, and Arson in Carrefour and Gressier Under the Indifferent Gaze of the New State Authorities",RNDDH,Carrefour commune,Ouest department,Port-au-Prince arrondissement,"320,575","-289,1277778",POINT (-72.412024 18.460548),Haiti,2024-05-04 00:00:00.000,1
563726,2024,Viv Ansanm,Civilians,National Human Rights Defense Network (RNDDH),"Murders, Rapes, Looting, and Arson in Carrefour and Gressier Under the Indifferent Gaze of the New State Authorities",RNDDH; Police,Gressier commune,Ouest department,Port-au-Prince arrondissement,"382,6944444","-361,7965278",POINT (-72.516667 18.55),Haiti,2024-05-10 00:00:00.000,6
563732,2024,Viv Ansanm,Civilians,National Human Rights Defense Network (RNDDH),"Murders, Rapes, Looting, and Arson in Carrefour and Gressier Under the Indifferent Gaze of the New State Authorities","interim executive agent of the commune, Jean Vladimir BERTRAND",Gressier commune,Ouest department,Port-au-Prince arrondissement,"382,6944444","-361,7965278",POINT (-72.516667 18.55),Haiti,2024-05-11 00:00:00.000,1
565564,2024,Viv Ansanm,Civilians,National Human Rights Defense Network (RNDDH),"Murders, Rapes, Looting, and Arson in Carrefour and Gressier Under the Indifferent Gaze of the New State Authorities",RNDDH,Gressier commune,Ouest department,Port-au-Prince arrondissement,"382,6944444","-361,7965278",POINT (-72.516667 18.55),Haiti,2024-05-12 00:00:00.000,2
565566,2024,Viv Ansanm,Civilians,National Human Rights Defense Network (RNDDH),"Murders, Rapes, Looting, and Arson in Carrefour and Gressier Under the Indifferent Gaze of the New State Authorities",RNDDH,Gressier commune,Ouest department,Port-au-Prince arrondissement,"382,6944444","-361,7965278",POINT (-72.516667 18.55),Haiti,2024-05-12 00:00:00.000,1
525023,2024,Viv Ansanm,Civilians,Associated Press Newswires,"As killings surge, Haitians struggle to bury loved ones and find closure in violent capital","neighbors, community members",Port-au-Prince city,Ouest department,Port-au-Prince arrondissement,"375,1736111","-235,6388889",POINT (-72.335 18.53917),Haiti,2024-05-12 00:00:00.000,1
565574,2024,Viv Ansanm,Civilians,National Human Rights Defense Network (RNDDH),"Murders, Rapes, Looting, and Arson in Carrefour and Gressier Under the Indifferent Gaze of the New State Authorities",RNDDH,Port-au-Prince arrondissement,Ouest department,Port-au-Prince arrondissement,"347,9722222","-257,6319444",POINT (-72.36667 18.5),Haiti,2024-05-14 00:00:00.000,1
565571,2024,Viv Ansanm,Civilians,National Human Rights Defense Network (RNDDH),"Murders, Rapes, Looting, and Arson in Carrefour and Gressier Under the Indifferent Gaze of the New State Authorities",RNDDH,Gressier commune,Ouest department,Port-au-Prince arrondissement,"382,6944444","-361,7965278",POINT (-72.516667 18.55),Haiti,2024-05-15 00:00:00.000,3
565577,2024,Viv Ansanm,Civilians,National Human Rights Defense Network (RNDDH),"Murders, Rapes, Looting, and Arson in Carrefour and Gressier Under the Indifferent Gaze of the New State Authorities",RNDDH,Carrefour commune,Ouest department,Port-au-Prince arrondissement,"320,575","-289,1277778",POINT (-72.412024 18.460548),Haiti,2024-05-16 00:00:00.000,2
565581,2024,Viv Ansanm,Civilians,National Human Rights Defense Network (RNDDH),"Murders, Rapes, Looting, and Arson in Carrefour and Gressier Under the Indifferent Gaze of the New State Authorities",RNDDH,Port-au-Prince arrondissement,Ouest department,Port-au-Prince arrondissement,"347,9722222","-257,6319444",POINT (-72.36667 18.5),Haiti,2024-05-17 00:00:00.000,1
565585,2024,Viv Ansanm,Civilians,National Human Rights Defense Network (RNDDH),"Murders, Rapes, Looting, and Arson in Carrefour and Gressier Under the Indifferent Gaze of the New State Authorities",RNDDH,Gressier commune,Ouest department,Port-au-Prince arrondissement,"382,6944444","-361,7965278",POINT (-72.516667 18.55),Haiti,2024-05-19 00:00:00.000,1
565607,2024,Viv Ansanm,Civilians,National Human Rights Defense Network (RNDDH),"Murders, Rapes, Looting, and Arson in Carrefour and Gressier Under the Indifferent Gaze of the New State Authorities",RNDDH,Gressier commune,Ouest department,Port-au-Prince arrondissement,"382,6944444","-361,7965278",POINT (-72.516667 18.55),Haiti,2024-05-20 00:00:00.000,1
565612,2024,Viv Ansanm,Civilians,National Human Rights Defense Network (RNDDH),"Murders, Rapes, Looting, and Arson in Carrefour and Gressier Under the Indifferent Gaze of the New State Authorities",RNDDH,Gressier commune,Ouest department,Port-au-Prince arrondissement,"382,6944444","-361,7965278",POINT (-72.516667 18.55),Haiti,2024-05-21 00:00:00.000,2
565615,2024,Viv Ansanm,Civilians,National Human Rights Defense Network (RNDDH),"Murders, Rapes, Looting, and Arson in Carrefour and Gressier Under the Indifferent Gaze of the New State Authorities",RNDDH,Gressier commune,Ouest department,Port-au-Prince arrondissement,"382,6944444","-361,7965278",POINT (-72.516667 18.55),Haiti,2024-05-28 00:00:00.000,1
530807,2024,Viv Ansanm,Civilians,EFE News Service;Vant Bef Info,Several killed in new attack by armed gangs in Haiti;Gressier : le bilan de la dernière attaque s’alourdit,"Local press; head of the Gressier community, Vladimir Bertrand",Gressier commune,Ouest department,Port-au-Prince arrondissement,"382,6944444","-361,7965278",POINT (-72.516667 18.55),Haiti,2024-06-30 00:00:00.000,26
563737,2024,Viv Ansanm,Civilians,National Human Rights Defense Network (RNDDH);Haiti Libre,"Murders, Rapes, Looting, and Arson in Carrefour and Gressier Under the Indifferent Gaze of the New State Authorities;Haiti - Security : Bandits routed, Gressier police station taken over",RNDDH,Gressier commune,Ouest department,Port-au-Prince arrondissement,"382,6944444","-361,7965278",POINT (-72.516667 18.55),Haiti,2024-07-01 00:00:00.000,1
565529,2024,Viv Ansanm,Civilians,BINUH,"Quarterly report on the Human Rights Situation in Haiti, October - December 2024",BINUH,Carrefour commune,Ouest department,Port-au-Prince arrondissement,"320,575","-289,1277778",POINT (-72.412024 18.460548),Haiti,2024-10-01 00:00:00.000,33
565531,2024,Viv Ansanm,Civilians,BINUH,"Quarterly report on the Human Rights Situation in Haiti, October - December 2024",BINUH,Gressier commune,Ouest department,Port-au-Prince arrondissement,"382,6944444","-361,7965278",POINT (-72.516667 18.55),Haiti,2024-10-01 00:00:00.000,33
552520,2024,Viv Ansanm,Civilians,Associated Press Newswires;EFE News Service;Associated Press Newswires;Haiti Libre,Gangs attack neighborhoods across Haiti's capital in new wave of violence;Dead and displaced in Haiti after new attacks by armed groups in the capital;Police in Haiti battle a gang coalition trying to seize control of the entire capital;Haiti - News : Zapping...,U.N.'s International Organization for Migration,Port-au-Prince city,Ouest department,Port-au-Prince arrondissement,"375,1736111","-235,6388889",POINT (-72.335 18.53917),Haiti,2024-10-18 00:00:00.000,3
552522,2024,Viv Ansanm,Civilians,Associated Press Newswires;EFE News Service;Agence France Presse,"Haitians leave their homes in several neighborhoods to escape more gang violence in the capital;Dead and displaced in Haiti after new attacks by armed groups in the capital;Two killed, 5,000 flee as Haiti gangs attack in Port-au-Prince",AFP,Port-au-Prince city,Ouest department,Port-au-Prince arrondissement,"375,1736111","-235,6388889",POINT (-72.335 18.53917),Haiti,2024-10-19 00:00:00.000,2
565521,2024,Viv Ansanm,Civilians,BINUH,"Quarterly report on the Human Rights Situation in Haiti, October - December 2024",BINUH,Pétion-Ville town,Ouest department,Port-au-Prince arrondissement,"356,68125","-201,06875",POINT (-72.285219 18.512541),Haiti,2024-11-01 00:00:00.000,4
565522,2024,Viv Ansanm,Civilians,BINUH,"Quarterly report on the Human Rights Situation in Haiti, October - December 2024",BINUH,Pétion-Ville town,Ouest department,Port-au-Prince arrondissement,"356,68125","-201,06875",POINT (-72.285219 18.512541),Haiti,2024-11-01 00:00:00.000,4
565523,2024,Viv Ansanm,Civilians,BINUH,"Quarterly report on the Human Rights Situation in Haiti, October - December 2024",BINUH,Pétion-Ville town,Ouest department,Port-au-Prince arrondissement,"356,68125","-201,06875",POINT (-72.285219 18.512541),Haiti,2024-11-01 00:00:00.000,4
565524,2024,Viv Ansanm,Civilians,BINUH,"Quarterly report on the Human Rights Situation in Haiti, October - December 2024",BINUH,Pétion-Ville town,Ouest department,Port-au-Prince arrondissement,"356,68125","-201,06875",POINT (-72.285219 18.512541),Haiti,2024-11-01 00:00:00.000,4
554429,2024,Viv Ansanm,Civilians,Haiti Libre;BINUH,"Haiti - News : Zapping...;Quarterly report on the Human Rights Situation in Haiti, October - December 2024",Haiti Libre; BINUH,Cité Soleil town,Ouest department,Port-au-Prince arrondissement,"402,0395833","-233,4770833",POINT (-72.331887 18.577857),Haiti,2024-11-11 00:00:00.000,21
553289,2024,Viv Ansanm,Civilians,Ayibo Post,Gangs are acquiring more territory in Haiti despite the presence of Kenyan forces,witness,Port-au-Prince city,Ouest department,Port-au-Prince arrondissement,"375,1736111","-235,6388889",POINT (-72.335 18.53917),Haiti,2024-11-19 00:00:00.000,2
565496,2024,Viv Ansanm,Civilians,Haiti Libre;BINUH,"Haiti - News : Zapping...;Quarterly report on the Human Rights Situation in Haiti, October - December 2024",Haiti Libre; Human Rights Service; BINUH,Carrefour commune,Ouest department,Port-au-Prince arrondissement,"320,575","-289,1277778",POINT (-72.412024 18.460548),Haiti,2024-11-29 00:00:00.000,36
560859,2024,Viv Ansanm,Civilians,Primature de la République d’Haïti;International Crisis Group;Associted Press Newswires;Associated Press Newswires,Tweet;Crisis Watch: Haiti December 2024;Haitians demand protection after gang leader massacres dozens of people to avenge son's death;UN publishes new death toll for massacre of older people and Vodou religious leaders in Haiti,Primature de la République d’Haïti; United Nations High Commissioner for Human Rights; non-profit organization Combité pour la Paix et le Développement (CDP-Haiti); U.N. Integrated Office in Haiti,Cité Soleil town,Ouest department,Port-au-Prince arrondissement,"402,0395833","-233,4770833",POINT (-72.331887 18.577857),Haiti,2024-12-06 00:00:00.000,207
561464,2024,Viv Ansanm,Civilians,Haiti Libre,Haiti - News : Zapping...,Haiti Libre,Port-au-Prince city,Ouest department,Port-au-Prince arrondissement,"375,1736111","-235,6388889",POINT (-72.335 18.53917),Haiti,2024-12-07 00:00:00.000,1