WEEK,REGION,COUNTRY,ADMIN1,EVENT_TYPE,SUB_EVENT_TYPE,EVENTS,FATALITIES,POPULATION_EXPOSURE,DISORDER_TYPE,ID,CENTROID_LATITUDE,CENTROID_LONGITUDE
############,Caribbean,Haiti,Ouest,Battles,Armed clash,29,99,112897,Political violence,1144,"18,6173","-72,1737"
############,Caribbean,Haiti,Ouest,Battles,Armed clash,12,42,92773,Political violence,1144,"18,6173","-72,1737"
############,Caribbean,Haiti,Ouest,Battles,Armed clash,14,18,176390,Political violence,1144,"18,6173","-72,1737"
############,Caribbean,Haiti,Ouest,Battles,Armed clash,24,74,129106,Political violence,1144,"18,6173","-72,1737"
############,Caribbean,Haiti,Ouest,Battles,Armed clash,12,62,78288,Political violence,1144,"18,6173","-72,1737"
############,Caribbean,Haiti,Ouest,Battles,Armed clash,18,99,152474,Political violence,1144,"18,6173","-72,1737"
############,Caribbean,Haiti,Ouest,Battles,Armed clash,25,83,155487,Political violence,1144,"18,6173","-72,1737"
############,Caribbean,Haiti,Ouest,Battles,Armed clash,37,109,399960,Political violence,1144,"18,6173","-72,1737"
############,Caribbean,Haiti,Ouest,Battles,Armed clash,12,12,149316,Political violence,1144,"18,6173","-72,1737"
############,Caribbean,Haiti,Ouest,Battles,Armed clash,26,28,345707,Political violence,1144,"18,6173","-72,1737"
############,Caribbean,Haiti,Ouest,Battles,Armed clash,15,59,199554,Political violence,1144,"18,6173","-72,1737"
############,Caribbean,Haiti,Ouest,Battles,Armed clash,9,33,62162,Political violence,1144,"18,6173","-72,1737"
############,Caribbean,Haiti,Ouest,Battles,Armed clash,14,41,200680,Political violence,1144,"18,6173","-72,1737"
############,Caribbean,Haiti,Ouest,Battles,Armed clash,9,18,139053,Political violence,1144,"18,6173","-72,1737"
############,Caribbean,Haiti,Ouest,Battles,Armed clash,5,6,13516,Political violence,1144,"18,6173","-72,1737"
############,Caribbean,Haiti,Ouest,Battles,Armed clash,10,59,163176,Political violence,1144,"18,6173","-72,1737"
############,Caribbean,Haiti,Ouest,Battles,Armed clash,6,34,73100,Political violence,1144,"18,6173","-72,1737"
############,Caribbean,Haiti,Ouest,Battles,Armed clash,8,18,69101,Political violence,1144,"18,6173","-72,1737"
############,Caribbean,Haiti,Ouest,Battles,Armed clash,7,34,132090,Political violence,1144,"18,6173","-72,1737"
############,Caribbean,Haiti,Ouest,Battles,Armed clash,6,23,39463,Political violence,1144,"18,6173","-72,1737"
############,Caribbean,Haiti,Ouest,Battles,Armed clash,11,24,107733,Political violence,1144,"18,6173","-72,1737"
############,Caribbean,Haiti,Ouest,Battles,Armed clash,15,104,181682,Political violence,1144,"18,6173","-72,1737"
############,Caribbean,Haiti,Ouest,Battles,Armed clash,18,48,185456,Political violence,1144,"18,6173","-72,1737"
############,Caribbean,Haiti,Ouest,Battles,Armed clash,7,31,59588,Political violence,1144,"18,6173","-72,1737"
############,Caribbean,Haiti,Ouest,Battles,Armed clash,8,17,111827,Political violence,1144,"18,6173","-72,1737"
############,Caribbean,Haiti,Ouest,Battles,Armed clash,3,8,16652,Political violence,1144,"18,6173","-72,1737"
############,Caribbean,Haiti,Ouest,Battles,Armed clash,10,22,107054,Political violence,1144,"18,6173","-72,1737"
############,Caribbean,Haiti,Ouest,Battles,Armed clash,17,37,247543,Political violence,1144,"18,6173","-72,1737"
############,Caribbean,Haiti,Ouest,Battles,Armed clash,10,27,54387,Political violence,1144,"18,6173","-72,1737"
############,Caribbean,Haiti,Ouest,Battles,Armed clash,3,5,15742,Political violence,1144,"18,6173","-72,1737"
############,Caribbean,Haiti,Ouest,Battles,Armed clash,12,27,108344,Political violence,1144,"18,6173","-72,1737"
############,Caribbean,Haiti,Ouest,Battles,Armed clash,5,23,21157,Political violence,1144,"18,6173","-72,1737"
############,Caribbean,Haiti,Ouest,Battles,Armed clash,7,9,58309,Political violence,1144,"18,6173","-72,1737"
############,Caribbean,Haiti,Ouest,Battles,Armed clash,7,32,57885,Political violence,1144,"18,6173","-72,1737"
############,Caribbean,Haiti,Ouest,Battles,Armed clash,3,5,32840,Political violence,1144,"18,6173","-72,1737"
############,Caribbean,Haiti,Ouest,Battles,Armed clash,8,50,93696,Political violence,1144,"18,6173","-72,1737"
############,Caribbean,Haiti,Ouest,Battles,Armed clash,3,3,44252,Political violence,1144,"18,6173","-72,1737"
############,Caribbean,Haiti,Ouest,Battles,Armed clash,7,6,108732,Political violence,1144,"18,6173","-72,1737"
############,Caribbean,Haiti,Ouest,Battles,Armed clash,4,2,115732,Political violence,1144,"18,6173","-72,1737"
############,Caribbean,Haiti,Ouest,Battles,Armed clash,6,5,116222,Political violence,1144,"18,6173","-72,1737"
############,Caribbean,Haiti,Ouest,Battles,Armed clash,7,15,78737,Political violence,1144,"18,6173","-72,1737"
############,Caribbean,Haiti,Ouest,Battles,Armed clash,5,1,95384,Political violence,1144,"18,6173","-72,1737"
############,Caribbean,Haiti,Ouest,Battles,Armed clash,7,26,115486,Political violence,1144,"18,6173","-72,1737"
############,Caribbean,Haiti,Ouest,Battles,Armed clash,8,15,110847,Political violence,1144,"18,6173","-72,1737"
############,Caribbean,Haiti,Ouest,Battles,Armed clash,19,17,165590,Political violence,1144,"18,6173","-72,1737"
############,Caribbean,Haiti,Ouest,Battles,Armed clash,21,40,196224,Political violence,1144,"18,6173","-72,1737"
############,Caribbean,Haiti,Ouest,Battles,Armed clash,11,26,,Political violence,1144,"18,6173","-72,1737"
############,Caribbean,Haiti,Ouest,Battles,Armed clash,3,15,7086,Political violence,1144,"18,6173","-72,1737"
############,Caribbean,Haiti,Ouest,Battles,Armed clash,4,47,64782,Political violence,1144,"18,6173","-72,1737"
############,Caribbean,Haiti,Ouest,Battles,Armed clash,7,6,133226,Political violence,1144,"18,6173","-72,1737"
############,Caribbean,Haiti,Ouest,Battles,Armed clash,3,5,11953,Political violence,1144,"18,6173","-72,1737"
############,Caribbean,Haiti,Ouest,Battles,Armed clash,8,23,174026,Political violence,1144,"18,6173","-72,1737"
############,Caribbean,Haiti,Ouest,Explosions/Remote violence,Air/drone strike,1,8,,Political violence,1144,"18,6173","-72,1737"
############,Caribbean,Haiti,Ouest,Explosions/Remote violence,Air/drone strike,1,9,,Political violence,1144,"18,6173","-72,1737"
############,Caribbean,Haiti,Ouest,Explosions/Remote violence,Air/drone strike,3,20,30001,Political violence,1144,"18,6173","-72,1737"
############,Caribbean,Haiti,Ouest,Explosions/Remote violence,Air/drone strike,4,25,53565,Political violence,1144,"18,6173","-72,1737"
############,Caribbean,Haiti,Ouest,Explosions/Remote violence,Air/drone strike,9,40,206753,Political violence,1144,"18,6173","-72,1737"
############,Caribbean,Haiti,Ouest,Explosions/Remote violence,Air/drone strike,2,10,21473,Political violence,1144,"18,6173","-72,1737"
############,Caribbean,Haiti,Ouest,Explosions/Remote violence,Air/drone strike,2,10,56264,Political violence,1144,"18,6173","-72,1737"
############,Caribbean,Haiti,Ouest,Explosions/Remote violence,Air/drone strike,7,8,164251,Political violence,1144,"18,6173","-72,1737"
############,Caribbean,Haiti,Ouest,Explosions/Remote violence,Air/drone strike,2,55,37100,Political violence,1144,"18,6173","-72,1737"
############,Caribbean,Haiti,Ouest,Explosions/Remote violence,Air/drone strike,1,10,5922,Political violence,1144,"18,6173","-72,1737"
############,Caribbean,Haiti,Ouest,Explosions/Remote violence,Air/drone strike,2,20,79470,Political violence,1144,"18,6173","-72,1737"
############,Caribbean,Haiti,Ouest,Explosions/Remote violence,Air/drone strike,1,18,5922,Political violence,1144,"18,6173","-72,1737"
############,Caribbean,Haiti,Ouest,Explosions/Remote violence,Air/drone strike,1,25,29025,Political violence,1144,"18,6173","-72,1737"
############,Caribbean,Haiti,Ouest,Explosions/Remote violence,Air/drone strike,2,36,69675,Political violence,1144,"18,6173","-72,1737"
############,Caribbean,Haiti,Ouest,Explosions/Remote violence,Air/drone strike,3,0,108304,Political violence,1144,"18,6173","-72,1737"
############,Caribbean,Haiti,Ouest,Explosions/Remote violence,Air/drone strike,7,100,114421,Political violence,1144,"18,6173","-72,1737"
############,Caribbean,Haiti,Ouest,Explosions/Remote violence,Air/drone strike,1,0,49897,Political violence,1144,"18,6173","-72,1737"
############,Caribbean,Haiti,Ouest,Explosions/Remote violence,Air/drone strike,1,17,49897,Political violence,1144,"18,6173","-72,1737"
############,Caribbean,Haiti,Ouest,Explosions/Remote violence,Air/drone strike,1,0,5922,Political violence,1144,"18,6173","-72,1737"
############,Caribbean,Haiti,Ouest,Explosions/Remote violence,Air/drone strike,1,0,5922,Political violence,1144,"18,6173","-72,1737"
############,Caribbean,Haiti,Ouest,Explosions/Remote violence,Air/drone strike,2,3,34756,Political violence,1144,"18,6173","-72,1737"
############,Caribbean,Haiti,Ouest,Explosions/Remote violence,Air/drone strike,1,4,25444,Political violence,1144,"18,6173","-72,1737"
############,Caribbean,Haiti,Ouest,Explosions/Remote violence,Air/drone strike,2,10,5922,Political violence,1144,"18,6173","-72,1737"
############,Caribbean,Haiti,Ouest,Explosions/Remote violence,Air/drone strike,8,24,157845,Political violence,1144,"18,6173","-72,1737"
############,Caribbean,Haiti,Ouest,Explosions/Remote violence,Air/drone strike,8,14,303187,Political violence,1144,"18,6173","-72,1737"
############,Caribbean,Haiti,Ouest,Explosions/Remote violence,Air/drone strike,2,0,49970,Political violence,1144,"18,6173","-72,1737"
############,Caribbean,Haiti,Ouest,Explosions/Remote violence,Air/drone strike,4,21,70288,Political violence,1144,"18,6173","-72,1737"
############,Caribbean,Haiti,Ouest,Explosions/Remote violence,Air/drone strike,3,3,48159,Political violence,1144,"18,6173","-72,1737"
############,Caribbean,Haiti,Ouest,Explosions/Remote violence,Air/drone strike,5,7,92683,Political violence,1144,"18,6173","-72,1737"
############,Caribbean,Haiti,Ouest,Explosions/Remote violence,Air/drone strike,3,3,41646,Political violence,1144,"18,6173","-72,1737"
############,Caribbean,Haiti,Ouest,Explosions/Remote violence,Air/drone strike,2,0,63687,Political violence,1144,"18,6173","-72,1737"
############,Caribbean,Haiti,Ouest,Explosions/Remote violence,Air/drone strike,1,0,,Political violence,1144,"18,6173","-72,1737"
############,Caribbean,Haiti,Ouest,Explosions/Remote violence,Air/drone strike,1,5,32922,Political violence,1144,"18,6173","-72,1737"
############,Caribbean,Haiti,Ouest,Explosions/Remote violence,Air/drone strike,2,0,59022,Political violence,1144,"18,6173","-72,1737"
############,Caribbean,Haiti,Ouest,Explosions/Remote violence,Air/drone strike,1,34,27701,Political violence,1144,"18,6173","-72,1737"
############,Caribbean,Haiti,Ouest,Explosions/Remote violence,Air/drone strike,2,9,,Political violence,1144,"18,6173","-72,1737"
############,Caribbean,Haiti,Ouest,Protests,Excessive force against protesters,1,3,4101,Political violence; Demonstrations,1144,"18,6173","-72,1737"
############,Caribbean,Haiti,Ouest,Protests,Excessive force against protesters,1,1,3366,Political violence; Demonstrations,1144,"18,6173","-72,1737"
############,Caribbean,Haiti,Ouest,Protests,Excessive force against protesters,1,0,18430,Political violence; Demonstrations,1144,"18,6173","-72,1737"
############,Caribbean,Haiti,Ouest,Protests,Excessive force against protesters,1,1,16266,Political violence; Demonstrations,1144,"18,6173","-72,1737"
############,Caribbean,Haiti,Ouest,Riots,Mob violence,4,12,,Political violence,1144,"18,6173","-72,1737"
############,Caribbean,Haiti,Ouest,Riots,Mob violence,1,2,,Political violence,1144,"18,6173","-72,1737"
############,Caribbean,Haiti,Ouest,Riots,Mob violence,1,1,49903,Political violence,1144,"18,6173","-72,1737"
############,Caribbean,Haiti,Ouest,Riots,Mob violence,1,3,,Political violence,1144,"18,6173","-72,1737"
############,Caribbean,Haiti,Ouest,Riots,Mob violence,2,2,,Political violence,1144,"18,6173","-72,1737"
############,Caribbean,Haiti,Ouest,Riots,Mob violence,5,8,,Political violence,1144,"18,6173","-72,1737"
############,Caribbean,Haiti,Ouest,Riots,Mob violence,5,7,36455,Political violence,1144,"18,6173","-72,1737"
############,Caribbean,Haiti,Ouest,Riots,Mob violence,2,3,5922,Political violence,1144,"18,6173","-72,1737"
############,Caribbean,Haiti,Ouest,Riots,Mob violence,3,5,6409,Political violence,1144,"18,6173","-72,1737"
############,Caribbean,Haiti,Ouest,Riots,Mob violence,4,6,5541,Political violence,1144,"18,6173","-72,1737"
############,Caribbean,Haiti,Ouest,Riots,Mob violence,1,1,4118,Political violence,1144,"18,6173","-72,1737"
############,Caribbean,Haiti,Ouest,Riots,Mob violence,1,0,33132,Political violence,1144,"18,6173","-72,1737"
############,Caribbean,Haiti,Ouest,Riots,Mob violence,1,3,,Political violence,1144,"18,6173","-72,1737"
############,Caribbean,Haiti,Ouest,Riots,Mob violence,1,1,,Political violence,1144,"18,6173","-72,1737"
############,Caribbean,Haiti,Ouest,Riots,Mob violence,2,2,19559,Political violence,1144,"18,6173","-72,1737"
############,Caribbean,Haiti,Ouest,Riots,Mob violence,1,1,33132,Political violence,1144,"18,6173","-72,1737"
############,Caribbean,Haiti,Ouest,Riots,Mob violence,1,0,3655,Political violence,1144,"18,6173","-72,1737"
############,Caribbean,Haiti,Ouest,Riots,Mob violence,1,1,29825,Political violence,1144,"18,6173","-72,1737"
############,Caribbean,Haiti,Ouest,Riots,Mob violence,1,2,,Political violence,1144,"18,6173","-72,1737"
############,Caribbean,Haiti,Ouest,Riots,Mob violence,1,1,23964,Political violence,1144,"18,6173","-72,1737"
############,Caribbean,Haiti,Ouest,Riots,Mob violence,1,0,33132,Political violence,1144,"18,6173","-72,1737"
############,Caribbean,Haiti,Ouest,Riots,Mob violence,1,1,,Political violence,1144,"18,6173","-72,1737"
############,Caribbean,Haiti,Ouest,Riots,Mob violence,1,1,26832,Political violence,1144,"18,6173","-72,1737"
############,Caribbean,Haiti,Ouest,Riots,Mob violence,2,4,25593,Political violence,1144,"18,6173","-72,1737"
############,Caribbean,Haiti,Ouest,Violence against civilians,Abduction/forced disappearance,1,0,15623,Political violence,1144,"18,6173","-72,1737"
############,Caribbean,Haiti,Ouest,Violence against civilians,Abduction/forced disappearance,2,0,4459,Political violence,1144,"18,6173","-72,1737"
############,Caribbean,Haiti,Ouest,Violence against civilians,Abduction/forced disappearance,3,0,11691,Political violence,1144,"18,6173","-72,1737"
############,Caribbean,Haiti,Ouest,Violence against civilians,Abduction/forced disappearance,1,0,12509,Political violence,1144,"18,6173","-72,1737"
############,Caribbean,Haiti,Ouest,Violence against civilians,Abduction/forced disappearance,1,0,,Political violence,1144,"18,6173","-72,1737"
############,Caribbean,Haiti,Ouest,Violence against civilians,Abduction/forced disappearance,1,0,12509,Political violence,1144,"18,6173","-72,1737"
############,Caribbean,Haiti,Ouest,Violence against civilians,Abduction/forced disappearance,1,0,,Political violence,1144,"18,6173","-72,1737"
############,Caribbean,Haiti,Ouest,Violence against civilians,Abduction/forced disappearance,1,0,,Political violence,1144,"18,6173","-72,1737"
############,Caribbean,Haiti,Ouest,Violence against civilians,Abduction/forced disappearance,1,0,8588,Political violence,1144,"18,6173","-72,1737"
############,Caribbean,Haiti,Ouest,Violence against civilians,Abduction/forced disappearance,1,0,2925,Political violence,1144,"18,6173","-72,1737"
############,Caribbean,Haiti,Ouest,Violence against civilians,Abduction/forced disappearance,1,0,15362,Political violence,1144,"18,6173","-72,1737"
############,Caribbean,Haiti,Ouest,Violence against civilians,Abduction/forced disappearance,2,0,11331,Political violence,1144,"18,6173","-72,1737"
############,Caribbean,Haiti,Ouest,Violence against civilians,Abduction/forced disappearance,2,0,32798,Political violence,1144,"18,6173","-72,1737"
############,Caribbean,Haiti,Ouest,Violence against civilians,Abduction/forced disappearance,2,0,52167,Political violence,1144,"18,6173","-72,1737"
############,Caribbean,Haiti,Ouest,Violence against civilians,Abduction/forced disappearance,1,0,44869,Political violence,1144,"18,6173","-72,1737"
############,Caribbean,Haiti,Ouest,Violence against civilians,Abduction/forced disappearance,3,0,24775,Political violence,1144,"18,6173","-72,1737"
############,Caribbean,Haiti,Ouest,Violence against civilians,Abduction/forced disappearance,3,0,31282,Political violence,1144,"18,6173","-72,1737"
############,Caribbean,Haiti,Ouest,Violence against civilians,Abduction/forced disappearance,1,0,7420,Political violence,1144,"18,6173","-72,1737"
############,Caribbean,Haiti,Ouest,Violence against civilians,Abduction/forced disappearance,2,0,16661,Political violence,1144,"18,6173","-72,1737"
############,Caribbean,Haiti,Ouest,Violence against civilians,Abduction/forced disappearance,3,0,40715,Political violence,1144,"18,6173","-72,1737"
############,Caribbean,Haiti,Ouest,Violence against civilians,Abduction/forced disappearance,2,0,61487,Political violence,1144,"18,6173","-72,1737"
############,Caribbean,Haiti,Ouest,Violence against civilians,Abduction/forced disappearance,5,0,71600,Political violence,1144,"18,6173","-72,1737"
############,Caribbean,Haiti,Ouest,Violence against civilians,Abduction/forced disappearance,2,0,21387,Political violence,1144,"18,6173","-72,1737"
############,Caribbean,Haiti,Ouest,Violence against civilians,Abduction/forced disappearance,4,0,20190,Political violence,1144,"18,6173","-72,1737"
############,Caribbean,Haiti,Ouest,Violence against civilians,Abduction/forced disappearance,1,0,3375,Political violence,1144,"18,6173","-72,1737"
############,Caribbean,Haiti,Ouest,Violence against civilians,Abduction/forced disappearance,4,0,36061,Political violence,1144,"18,6173","-72,1737"
############,Caribbean,Haiti,Ouest,Violence against civilians,Abduction/forced disappearance,3,0,122332,Political violence,1144,"18,6173","-72,1737"
############,Caribbean,Haiti,Ouest,Violence against civilians,Abduction/forced disappearance,1,0,14537,Political violence,1144,"18,6173","-72,1737"
############,Caribbean,Haiti,Ouest,Violence against civilians,Abduction/forced disappearance,1,0,23173,Political violence,1144,"18,6173","-72,1737"
############,Caribbean,Haiti,Ouest,Violence against civilians,Attack,11,41,141757,Political violence,1144,"18,6173","-72,1737"
############,Caribbean,Haiti,Ouest,Violence against civilians,Attack,5,10,,Political violence,1144,"18,6173","-72,1737"
############,Caribbean,Haiti,Ouest,Violence against civilians,Attack,7,8,115947,Political violence,1144,"18,6173","-72,1737"
############,Caribbean,Haiti,Ouest,Violence against civilians,Attack,37,164,129543,Political violence,1144,"18,6173","-72,1737"
############,Caribbean,Haiti,Ouest,Violence against civilians,Attack,7,9,23110,Political violence,1144,"18,6173","-72,1737"
############,Caribbean,Haiti,Ouest,Violence against civilians,Attack,33,33,174621,Political violence,1144,"18,6173","-72,1737"
############,Caribbean,Haiti,Ouest,Violence against civilians,Attack,21,76,262299,Political violence,1144,"18,6173","-72,1737"
############,Caribbean,Haiti,Ouest,Violence against civilians,Attack,46,37,343990,Political violence,1144,"18,6173","-72,1737"
############,Caribbean,Haiti,Ouest,Violence against civilians,Attack,8,67,44828,Political violence,1144,"18,6173","-72,1737"
############,Caribbean,Haiti,Ouest,Violence against civilians,Attack,27,39,271169,Political violence,1144,"18,6173","-72,1737"
############,Caribbean,Haiti,Ouest,Violence against civilians,Attack,20,41,193722,Political violence,1144,"18,6173","-72,1737"
############,Caribbean,Haiti,Ouest,Violence against civilians,Attack,20,70,95292,Political violence,1144,"18,6173","-72,1737"
############,Caribbean,Haiti,Ouest,Violence against civilians,Attack,8,17,117319,Political violence,1144,"18,6173","-72,1737"
############,Caribbean,Haiti,Ouest,Violence against civilians,Attack,5,12,14234,Political violence,1144,"18,6173","-72,1737"
############,Caribbean,Haiti,Ouest,Violence against civilians,Attack,14,30,113177,Political violence,1144,"18,6173","-72,1737"
############,Caribbean,Haiti,Ouest,Violence against civilians,Attack,7,6,75989,Political violence,1144,"18,6173","-72,1737"
############,Caribbean,Haiti,Ouest,Violence against civilians,Attack,2,5,46381,Political violence,1144,"18,6173","-72,1737"
############,Caribbean,Haiti,Ouest,Violence against civilians,Attack,9,12,36814,Political violence,1144,"18,6173","-72,1737"
############,Caribbean,Haiti,Ouest,Violence against civilians,Attack,8,11,112684,Political violence,1144,"18,6173","-72,1737"
############,Caribbean,Haiti,Ouest,Violence against civilians,Attack,4,3,51202,Political violence,1144,"18,6173","-72,1737"
############,Caribbean,Haiti,Ouest,Violence against civilians,Attack,6,19,115624,Political violence,1144,"18,6173","-72,1737"
############,Caribbean,Haiti,Ouest,Violence against civilians,Attack,7,17,65903,Political violence,1144,"18,6173","-72,1737"
############,Caribbean,Haiti,Ouest,Violence against civilians,Attack,8,10,68696,Political violence,1144,"18,6173","-72,1737"
############,Caribbean,Haiti,Ouest,Violence against civilians,Attack,10,26,149679,Political violence,1144,"18,6173","-72,1737"
############,Caribbean,Haiti,Ouest,Violence against civilians,Attack,5,5,13424,Political violence,1144,"18,6173","-72,1737"
############,Caribbean,Haiti,Ouest,Violence against civilians,Attack,7,18,78521,Political violence,1144,"18,6173","-72,1737"
############,Caribbean,Haiti,Ouest,Violence against civilians,Attack,7,21,28494,Political violence,1144,"18,6173","-72,1737"
############,Caribbean,Haiti,Ouest,Violence against civilians,Attack,9,13,84690,Political violence,1144,"18,6173","-72,1737"
############,Caribbean,Haiti,Ouest,Violence against civilians,Attack,2,1,73407,Political violence,1144,"18,6173","-72,1737"
############,Caribbean,Haiti,Ouest,Violence against civilians,Attack,7,10,49593,Political violence,1144,"18,6173","-72,1737"
############,Caribbean,Haiti,Ouest,Violence against civilians,Attack,6,9,113780,Political violence,1144,"18,6173","-72,1737"
############,Caribbean,Haiti,Ouest,Violence against civilians,Attack,5,5,53605,Political violence,1144,"18,6173","-72,1737"
############,Caribbean,Haiti,Ouest,Violence against civilians,Attack,3,4,20869,Political violence,1144,"18,6173","-72,1737"
############,Caribbean,Haiti,Ouest,Violence against civilians,Attack,3,3,7781,Political violence,1144,"18,6173","-72,1737"
############,Caribbean,Haiti,Ouest,Violence against civilians,Attack,8,64,48385,Political violence,1144,"18,6173","-72,1737"
############,Caribbean,Haiti,Ouest,Violence against civilians,Attack,6,16,92926,Political violence,1144,"18,6173","-72,1737"
############,Caribbean,Haiti,Ouest,Violence against civilians,Attack,2,2,22758,Political violence,1144,"18,6173","-72,1737"
############,Caribbean,Haiti,Ouest,Violence against civilians,Attack,2,2,25444,Political violence,1144,"18,6173","-72,1737"
############,Caribbean,Haiti,Ouest,Violence against civilians,Attack,6,10,145845,Political violence,1144,"18,6173","-72,1737"
############,Caribbean,Haiti,Ouest,Violence against civilians,Attack,5,3,172578,Political violence,1144,"18,6173","-72,1737"
############,Caribbean,Haiti,Ouest,Violence against civilians,Attack,2,3,32841,Political violence,1144,"18,6173","-72,1737"
############,Caribbean,Haiti,Ouest,Violence against civilians,Attack,5,9,45417,Political violence,1144,"18,6173","-72,1737"
############,Caribbean,Haiti,Ouest,Violence against civilians,Attack,5,9,20329,Political violence,1144,"18,6173","-72,1737"
############,Caribbean,Haiti,Ouest,Violence against civilians,Attack,10,19,45205,Political violence,1144,"18,6173","-72,1737"
############,Caribbean,Haiti,Ouest,Violence against civilians,Attack,7,10,14909,Political violence,1144,"18,6173","-72,1737"
############,Caribbean,Haiti,Ouest,Violence against civilians,Attack,3,12,,Political violence,1144,"18,6173","-72,1737"
############,Caribbean,Haiti,Ouest,Violence against civilians,Attack,5,54,128125,Political violence,1144,"18,6173","-72,1737"
############,Caribbean,Haiti,Ouest,Violence against civilians,Attack,2,1,165816,Political violence,1144,"18,6173","-72,1737"
############,Caribbean,Haiti,Ouest,Violence against civilians,Attack,1,3,1267,Political violence,1144,"18,6173","-72,1737"
############,Caribbean,Haiti,Ouest,Violence against civilians,Attack,8,18,34594,Political violence,1144,"18,6173","-72,1737"
############,Caribbean,Haiti,Ouest,Violence against civilians,Sexual violence,1,0,1217,Political violence,1144,"18,6173","-72,1737"
############,Caribbean,Haiti,Ouest,Violence against civilians,Sexual violence,3,0,13322,Political violence,1144,"18,6173","-72,1737"
############,Caribbean,Haiti,Ouest,Violence against civilians,Sexual violence,2,1,3448,Political violence,1144,"18,6173","-72,1737"
############,Caribbean,Haiti,Ouest,Violence against civilians,Sexual violence,1,0,5922,Political violence,1144,"18,6173","-72,1737"
############,Caribbean,Haiti,Ouest,Violence against civilians,Sexual violence,3,0,45346,Political violence,1144,"18,6173","-72,1737"
############,Caribbean,Haiti,Ouest,Violence against civilians,Sexual violence,1,0,25444,Political violence,1144,"18,6173","-72,1737"
############,Caribbean,Haiti,Ouest,Violence against civilians,Sexual violence,3,6,32245,Political violence,1144,"18,6173","-72,1737"
############,Caribbean,Haiti,Ouest,Violence against civilians,Sexual violence,2,1,1365,Political violence,1144,"18,6173","-72,1737"
############,Caribbean,Haiti,Ouest,Violence against civilians,Sexual violence,1,0,12509,Political violence,1144,"18,6173","-72,1737"
############,Caribbean,Haiti,Ouest,Violence against civilians,Sexual violence,1,2,9923,Political violence,1144,"18,6173","-72,1737"
############,Caribbean,Haiti,Ouest,Violence against civilians,Sexual violence,1,0,,Political violence,1144,"18,6173","-72,1737"
############,Caribbean,Haiti,Ouest,Violence against civilians,Sexual violence,1,1,1739,Political violence,1144,"18,6173","-72,1737"
############,Caribbean,Haiti,Ouest,Violence against civilians,Sexual violence,1,0,9923,Political violence,1144,"18,6173","-72,1737"
############,Caribbean,Haiti,Ouest,Violence against civilians,Sexual violence,1,0,49898,Political violence,1144,"18,6173","-72,1737"
############,Caribbean,Haiti,Ouest,Violence against civilians,Sexual violence,1,1,,Political violence,1144,"18,6173","-72,1737"
############,Caribbean,Haiti,Ouest,Violence against civilians,Sexual violence,1,0,,Political violence,1144,"18,6173","-72,1737"
############,Caribbean,Haiti,Ouest,Violence against civilians,Sexual violence,1,0,,Political violence,1144,"18,6173","-72,1737"