Secteurs/Clusters,Acronyme,Nom de l'organisation,ORG_Aconym_en,ORG_Name_en,Type d'organisation,Département,adm1code,Commune,adm2code
Education,APADEH,Action Pastorale pour le Developpement Humain,APADEH,Action Pastorale pour le Developpement Humain,ONG nationale,Ouest,HT01,Cité Soleil,HT0117
Education,APADEH,Action Pastorale pour le Developpement Humain,APADEH,Action Pastorale pour le Developpement Humain,ONG nationale,Ouest,HT01,Cité Soleil,HT0117
Education,APADEH,Action Pastorale pour le Developpement Humain,APADEH,Action Pastorale pour le Developpement Humain,ONG nationale,Ouest,HT01,Croix-Des-Bouquets,HT0131
Education,APADEH,Action Pastorale pour le Developpement Humain,APADEH,Action Pastorale pour le Developpement Humain,ONG nationale,Ouest,HT01,Croix-Des-Bouquets,HT0131
Education,APADEH,Action Pastorale pour le Developpement Humain,APADEH,Action Pastorale pour le Developpement Humain,ONG nationale,Ouest,HT01,Port-au-Prince,HT0111
Education,APADEH,Action Pastorale pour le Developpement Humain,APADEH,Action Pastorale pour le Developpement Humain,ONG nationale,Ouest,HT01,Port-au-prince,HT0111
Education,APADEH,Action Pastorale pour le Developpement Humain,APADEH,Action Pastorale pour le Developpement Humain,ONG nationale,Ouest,HT01,Tabarre,HT0118
Education,ABV,Aide aux Bénéficiaires Vulnérables,ABV,Aide aux Bénéficiaires Vulnérables,ONG nationale,Ouest,HT01,Carrefour,HT0113
Education,ABV,Aide aux Bénéficiaires Vulnérables,ABV,Aide aux Bénéficiaires Vulnérables,ONG nationale,Ouest,HT01,Port-au-Prince,HT0111
Education,CADEH,Coordination des Actions pour le Développement Humain,CADEH,Coordination Des Actions Pour Le Développement Humain,ONG nationale,Ouest,HT01,Pétion-Ville,HT0114
Education,CADEH,Coordination des Actions pour le Développement Humain,CADEH,Coordination Des Actions Pour Le Développement Humain,ONG nationale,Ouest,HT01,Pétion-Ville,HT0114
Education,CRS,Catholic Relief Services,CRS,Catholic Relief Services,ONG internationale,Nord,HT03,Acul du Nord,HT0321
Education,CRS,Catholic Relief Services,CRS,Catholic Relief Services,ONG internationale,Nord,HT03,Acul du Nord,HT0321
Education,CRS,Catholic Relief Services,CRS,Catholic Relief Services,ONG internationale,Nord,HT03,Bahon,HT0332
Education,CRS,Catholic Relief Services,CRS,Catholic Relief Services,ONG internationale,Nord,HT03,Cap-Haïtien,HT0311
Education,CRS,Catholic Relief Services,CRS,Catholic Relief Services,ONG internationale,Nord-Est,HT04,Capotille,HT0422
Education,CRS,Catholic Relief Services,CRS,Catholic Relief Services,ONG internationale,Nord-Est,HT04,Caracol,HT0434
Education,CRS,Catholic Relief Services,CRS,Catholic Relief Services,ONG internationale,Nord-Est,HT04,Carice,HT0442
Education,CRS,Catholic Relief Services,CRS,Catholic Relief Services,ONG internationale,Nord-Est,HT04,Ferrier,HT0412
Education,CRS,Catholic Relief Services,CRS,Catholic Relief Services,ONG internationale,Nord-Est,HT04,Fort-Liberté,HT0411
Education,CRS,Catholic Relief Services,CRS,Catholic Relief Services,ONG internationale,Nord,HT03,Limonade,HT0313
Education,CRS,Catholic Relief Services,CRS,Catholic Relief Services,ONG internationale,Nord,HT03,Milot,HT0323
Education,CRS,Catholic Relief Services,CRS,Catholic Relief Services,ONG internationale,Nord-Est,HT04,Mombin Crochu,HT0443
Education,CRS,Catholic Relief Services,CRS,Catholic Relief Services,ONG internationale,Nord-Est,HT04,Ouanaminthe,HT0421
Education,CRS,Catholic Relief Services,CRS,Catholic Relief Services,ONG internationale,Nord-Est,HT04,Perches,HT0413
Education,CRS,Catholic Relief Services,CRS,Catholic Relief Services,ONG internationale,Nord,HT03,Plaine du Nord,HT0322
Education,CRS,Catholic Relief Services,CRS,Catholic Relief Services,ONG internationale,Nord-Est,HT04,Sainte Suzanne,HT0432
Education,CRS,Catholic Relief Services,CRS,Catholic Relief Services,ONG internationale,Nord-Est,HT04,Terrier Rouge,HT0433
Education,CRS,Catholic Relief Services,CRS,Catholic Relief Services,ONG internationale,Nord-Est,HT04,Trou du Nord,HT0431
Education,CRS,Catholic Relief Services,CRS,Catholic Relief Services,ONG internationale,Nord-Est,HT04,Vallières,HT0441
Education,HEKS/EPER,Entraide Protestante Suisse,HEKS/EPER,Entraide Protestante Suisse,ONG internationale,Grande'Anse,HT08,Abricots,HT0812
Education,HEKS/EPER,Entraide Protestante Suisse,HEKS/EPER,Entraide Protestante Suisse,ONG internationale,Grande'Anse,HT08,Abricots,HT0812
Education,HEKS/EPER,Entraide Protestante Suisse,HEKS/EPER,Entraide Protestante Suisse,ONG internationale,Grande'Anse,HT08,Abricots,HT0812
Education,HEKS/EPER,Entraide Protestante Suisse,HEKS/EPER,Entraide Protestante Suisse,ONG internationale,Grande'Anse,HT08,Jérémie,HT0811
Education,HEKS/EPER,Entraide Protestante Suisse,HEKS/EPER,Entraide Protestante Suisse,ONG internationale,Grande'Anse,HT08,Roseaux,HT0832
Education,PRODEV,Fondation Progrès et Développement,PRODEV,Fondation Progres et Developpement,ONG nationale,Grande'Anse,HT08,Beaumont,HT0833
Education,PRODEV,Fondation Progrès et Développement,PRODEV,Fondation Progres et Developpement,ONG nationale,Sud,HT07,Camp-Perrin,HT0714
Education,PRODEV,Fondation Progrès et Développement,PRODEV,Fondation Progres et Developpement,ONG nationale,Sud,HT07,Les Cayes,HT0711
Education,PRODEV,Fondation Progrès et Développement,PRODEV,Fondation Progres et Developpement,ONG nationale,Sud,HT07,Les Cayes,HT0711
Education,PRODEV,Fondation Progrès et Développement,PRODEV,Fondation Progres et Developpement,ONG nationale,Grande'Anse,HT08,Corail,HT0831
Education,PRODEV,Fondation Progrès et Développement,PRODEV,Fondation Progres et Developpement,ONG nationale,Sud,HT07,Maniche,HT0715
Education,PRODEV,Fondation Progrès et Développement,PRODEV,Fondation Progres et Developpement,ONG nationale,Sud,HT07,Maniche,HT0715
Education,PRODEV,Fondation Progrès et Développement,PRODEV,Fondation Progres et Developpement,ONG nationale,Grande'Anse,HT08,Pestel,HT0834
Education,PRODEV,Fondation Progrès et Développement,PRODEV,Fondation Progres et Developpement,ONG nationale,Grande'Anse,HT08,Roseaux,HT0832
Education,PRODEV,Fondation Progrès et Développement,PRODEV,Fondation Progres et Developpement,ONG nationale,Sud,HT07,Torbeck,HT0712
Education,PRODEV,Fondation Progrès et Développement,PRODEV,Fondation Progres et Developpement,ONG nationale,Sud,HT07,Torbeck,HT0712
Education,Inter Aide,Inter Aide,Inter Aide,Inter Aide,ONG nationale,Artibonite,HT05,Marmelade,HT0552
Education,Inter Aide,Inter Aide,Inter Aide,Inter Aide,ONG nationale,Nord-Est,HT04,Vallières,HT0441
Education,NRC,Conseil Norvégien pour les Réfugiés,NRC,Norwegian Refugee Council,ONG internationale,Ouest,HT01,Delmas,HT0112
Education,NRC,Conseil Norvégien pour les Réfugiés,NRC,Norwegian Refugee Council,ONG internationale,Ouest,HT01,Port-au-Prince,HT0111
Education,OCCED'H,Organisation des Cœurs pour le Changement des Enfants Démunis d’Haïti,OCCED'H,Organisation des Cœurs pour le Changement des Enfants Démunis d’Haïti,ONG nationale,Ouest,HT01,Carrefour,HT0113
Education,OCCED'H,Organisation des Cœurs pour le Changement des Enfants Démunis d’Haïti,OCCED'H,Organisation des Cœurs pour le Changement des Enfants Démunis d’Haïti,ONG nationale,Ouest,HT01,Carrefour,HT0113
Education,OCCED'H,Organisation des Cœurs pour le Changement des Enfants Démunis d’Haïti,OCCED'H,Organisation des Cœurs pour le Changement des Enfants Démunis d’Haïti,ONG nationale,Ouest,HT01,Cité Soleil,HT0117
Education,OCCED'H,Organisation des Cœurs pour le Changement des Enfants Démunis d’Haïti,OCCED'H,Organisation des Cœurs pour le Changement des Enfants Démunis d’Haïti,ONG nationale,Grande'Anse,HT08,Corail,HT0831
Education,OCCED'H,Organisation des Cœurs pour le Changement des Enfants Démunis d’Haïti,OCCED'H,Organisation des Cœurs pour le Changement des Enfants Démunis d’Haïti,ONG nationale,Ouest,HT01,Croix-Des-Bouquets,HT0131
Education,OCCED'H,Organisation des Cœurs pour le Changement des Enfants Démunis d’Haïti,OCCED'H,Organisation des Cœurs pour le Changement des Enfants Démunis d’Haïti,ONG nationale,Ouest,HT01,Delmas,HT0112
Education,OCCED'H,Organisation des Cœurs pour le Changement des Enfants Démunis d’Haïti,OCCED'H,Organisation des Cœurs pour le Changement des Enfants Démunis d’Haïti,ONG nationale,Ouest,HT01,Ganthier,HT0133
Education,OCCED'H,Organisation des Cœurs pour le Changement des Enfants Démunis d’Haïti,OCCED'H,Organisation des Cœurs pour le Changement des Enfants Démunis d’Haïti,ONG nationale,Grande'Anse,HT08,Jérémie,HT0811
Education,OCCED'H,Organisation des Cœurs pour le Changement des Enfants Démunis d’Haïti,OCCED'H,Organisation des Cœurs pour le Changement des Enfants Démunis d’Haïti,ONG nationale,Grande'Anse,HT08,Pestel,HT0834
Education,OCCED'H,Organisation des Cœurs pour le Changement des Enfants Démunis d’Haïti,OCCED'H,Organisation des Cœurs pour le Changement des Enfants Démunis d’Haïti,ONG nationale,Ouest,HT01,Pétion-Ville,HT0114
Education,OCCED'H,Organisation des Cœurs pour le Changement des Enfants Démunis d’Haïti,OCCED'H,Organisation des Cœurs pour le Changement des Enfants Démunis d’Haïti,ONG nationale,Ouest,HT01,Port-au-Prince,HT0111
Education,OCCED'H,Organisation des Cœurs pour le Changement des Enfants Démunis d’Haïti,OCCED'H,Organisation des Cœurs pour le Changement des Enfants Démunis d’Haïti,ONG nationale,Ouest,HT01,Tabarre,HT0118
Education,OCCED'H,Organisation des Cœurs pour le Changement des Enfants Démunis d’Haïti,OCCED'H,Organisation des Cœurs pour le Changement des Enfants Démunis d’Haïti,ONG nationale,Ouest,HT01,Thomazeau,HT0132
Education,Plan-I,Plan International,Plan-I,Plan International,ONG internationale,Sud-Est,HT02,Anse-à-Pître,HT0234
Education,Plan-I,Plan International,Plan-I,Plan International,ONG internationale,Sud-Est,HT02,Bainet,HT0221
Education,Plan-I,Plan International,Plan-I,Plan International,ONG internationale,Grande'Anse,HT08,Jérémie,HT0811
Education,Plan-I,Plan International,Plan-I,Plan International,ONG internationale,Sud-Est,HT02,Jacmel,HT0211
Education,Plan-I,Plan International,Plan-I,Plan International,ONG internationale,Grande'Anse,HT08,Jérémie,HT0811
Education,PAM,Programme Alimentaire Mondial,WFP,World Food Programme,Nations unies,Grande'Anse,HT08,Abricots,HT0812
Education,PAM,Programme Alimentaire Mondial,WFP,World Food Programme,Nations unies,Nord,HT03,Acul du Nord,HT0321
Education,PAM,Programme Alimentaire Mondial,WFP,World Food Programme,Nations unies,Ouest,HT01,Anse à Galets,HT0151
Education,PAM,Programme Alimentaire Mondial,WFP,World Food Programme,Nations unies,Sud-Est,HT02,Anse-à-Pître,HT0234
Education,PAM,Programme Alimentaire Mondial,WFP,World Food Programme,Nations unies,Nippes,HT10,Anse-à-Veau,HT1021
Education,PAM,Programme Alimentaire Mondial,WFP,World Food Programme,Nations unies,Grande'Anse,HT08,Anse d'Hainault,HT0821
Education,PAM,Programme Alimentaire Mondial,WFP,World Food Programme,Nations unies,Artibonite,HT05,Anse Rouge,HT0523
Education,PAM,Programme Alimentaire Mondial,WFP,World Food Programme,Nations unies,Sud,HT07,Aquin,HT0731
Education,PAM,Programme Alimentaire Mondial,WFP,World Food Programme,Nations unies,Nippes,HT10,Arnaud,HT1024
Education,PAM,Programme Alimentaire Mondial,WFP,World Food Programme,Nations unies,Sud,HT07,Arniquet,HT0723
Education,PAM,Programme Alimentaire Mondial,WFP,World Food Programme,Nations unies,Nord,HT03,Bahon,HT0332
Education,PAM,Programme Alimentaire Mondial,WFP,World Food Programme,Nations unies,Nord-Ouest,HT09,Baie de Henne,HT0932
Education,PAM,Programme Alimentaire Mondial,WFP,World Food Programme,Nations unies,Sud-Est,HT02,Bainet,HT0221
Education,PAM,Programme Alimentaire Mondial,WFP,World Food Programme,Nations unies,Nippes,HT10,Baradères,HT1031
Education,PAM,Programme Alimentaire Mondial,WFP,World Food Programme,Nations unies,Nord-Ouest,HT09,Bassin Bleu,HT0913
Education,PAM,Programme Alimentaire Mondial,WFP,World Food Programme,Nations unies,Grande'Anse,HT08,Beaumont,HT0833
Education,PAM,Programme Alimentaire Mondial,WFP,World Food Programme,Nations unies,Centre,HT06,Belladère,HT0632
Education,PAM,Programme Alimentaire Mondial,WFP,World Food Programme,Nations unies,Centre,HT06,Belladère,HT0632
Education,PAM,Programme Alimentaire Mondial,WFP,World Food Programme,Nations unies,Sud-Est,HT02,Belle Anse,HT0231
Education,PAM,Programme Alimentaire Mondial,WFP,World Food Programme,Nations unies,Nord-Ouest,HT09,Bombardopolis,HT0933
Education,PAM,Programme Alimentaire Mondial,WFP,World Food Programme,Nations unies,Grande'Anse,HT08,Bonbon,HT0813
Education,PAM,Programme Alimentaire Mondial,WFP,World Food Programme,Nations unies,Centre,HT06,Boucan Carré,HT0623
Education,PAM,Programme Alimentaire Mondial,WFP,World Food Programme,Nations unies,Sud,HT07,Camp-Perrin,HT0714
Education,PAM,Programme Alimentaire Mondial,WFP,World Food Programme,Nations unies,Nord,HT03,Cap-Haïtien,HT0311
Education,PAM,Programme Alimentaire Mondial,WFP,World Food Programme,Nations unies,Nord,HT03,Cap-Haïtien,HT0311
Education,PAM,Programme Alimentaire Mondial,WFP,World Food Programme,Nations unies,Nord-Est,HT04,Capotille,HT0422
Education,PAM,Programme Alimentaire Mondial,WFP,World Food Programme,Nations unies,Nord-Est,HT04,Caracol,HT0434
Education,PAM,Programme Alimentaire Mondial,WFP,World Food Programme,Nations unies,Nord-Est,HT04,Carice,HT0442
Education,PAM,Programme Alimentaire Mondial,WFP,World Food Programme,Nations unies,Ouest,HT01,Carrefour,HT0113
Education,PAM,Programme Alimentaire Mondial,WFP,World Food Programme,Nations unies,Sud,HT07,Cavaillon,HT0733
Education,PAM,Programme Alimentaire Mondial,WFP,World Food Programme,Nations unies,Sud-Est,HT02,Cayes-Jacmel,HT0213
Education,PAM,Programme Alimentaire Mondial,WFP,World Food Programme,Nations unies,Centre,HT06,Cerca Carvajal,HT0614
Education,PAM,Programme Alimentaire Mondial,WFP,World Food Programme,Nations unies,Centre,HT06,Cerca La Source,HT0641
Education,PAM,Programme Alimentaire Mondial,WFP,World Food Programme,Nations unies,Grande'Anse,HT08,Chambellan,HT0815
Education,PAM,Programme Alimentaire Mondial,WFP,World Food Programme,Nations unies,Nord-Ouest,HT09,Chamsolme,HT0914
Education,PAM,Programme Alimentaire Mondial,WFP,World Food Programme,Nations unies,Sud,HT07,Chantal,HT0713
Education,PAM,Programme Alimentaire Mondial,WFP,World Food Programme,Nations unies,Sud,HT07,Chardonnières,HT0751
Education,PAM,Programme Alimentaire Mondial,WFP,World Food Programme,Nations unies,Ouest,HT01,Cité Soleil,HT0117
Education,PAM,Programme Alimentaire Mondial,WFP,World Food Programme,Nations unies,Grande'Anse,HT08,Corail,HT0831
Education,PAM,Programme Alimentaire Mondial,WFP,World Food Programme,Nations unies,Sud,HT07,Côteaux,HT0741
Education,PAM,Programme Alimentaire Mondial,WFP,World Food Programme,Nations unies,Sud-Est,HT02,Côtes de Fer,HT0222
Education,PAM,Programme Alimentaire Mondial,WFP,World Food Programme,Nations unies,Grande'Anse,HT08,Dame Marie,HT0822
Education,PAM,Programme Alimentaire Mondial,WFP,World Food Programme,Nations unies,Ouest,HT01,Delmas,HT0112
Education,PAM,Programme Alimentaire Mondial,WFP,World Food Programme,Nations unies,Artibonite,HT05,Dessalines,HT0541
Education,PAM,Programme Alimentaire Mondial,WFP,World Food Programme,Nations unies,Nord,HT03,Dondon,HT0342
Education,PAM,Programme Alimentaire Mondial,WFP,World Food Programme,Nations unies,Artibonite,HT05,Ennery,HT0512
Education,PAM,Programme Alimentaire Mondial,WFP,World Food Programme,Nations unies,Nord-Est,HT04,Ferrier,HT0412
Education,PAM,Programme Alimentaire Mondial,WFP,World Food Programme,Nations unies,Nippes,HT10,Fonds des Nègres,HT1013
Education,PAM,Programme Alimentaire Mondial,WFP,World Food Programme,Nations unies,Nord-Est,HT04,Fort-Liberté,HT0411
Education,PAM,Programme Alimentaire Mondial,WFP,World Food Programme,Nations unies,Artibonite,HT05,Gonaïves,HT0511
Education,PAM,Programme Alimentaire Mondial,WFP,World Food Programme,Nations unies,Ouest,HT01,Grand-Goâve,HT0123
Education,PAM,Programme Alimentaire Mondial,WFP,World Food Programme,Nations unies,Sud-Est,HT02,Grand Gosier,HT0232
Education,PAM,Programme Alimentaire Mondial,WFP,World Food Programme,Nations unies,Nord,HT03,Grande Riviere Du Nord,HT0331
Education,PAM,Programme Alimentaire Mondial,WFP,World Food Programme,Nations unies,Ouest,HT01,Gressier,HT0116
Education,PAM,Programme Alimentaire Mondial,WFP,World Food Programme,Nations unies,Artibonite,HT05,Gros Morne,HT0521
Education,PAM,Programme Alimentaire Mondial,WFP,World Food Programme,Nations unies,Centre,HT06,Hinche,HT0611
Education,PAM,Programme Alimentaire Mondial,WFP,World Food Programme,Nations unies,Sud-Est,HT02,Jacmel,HT0211
Education,PAM,Programme Alimentaire Mondial,WFP,World Food Programme,Nations unies,Nord-Ouest,HT09,Jean Rabel,HT0934
Education,PAM,Programme Alimentaire Mondial,WFP,World Food Programme,Nations unies,Grande'Anse,HT08,Jérémie,HT0811
Education,PAM,Programme Alimentaire Mondial,WFP,World Food Programme,Nations unies,Ouest,HT01,Kenscoff,HT0115
Education,PAM,Programme Alimentaire Mondial,WFP,World Food Programme,Nations unies,Sud-Est,HT02,La Vallée,HT0214
Education,PAM,Programme Alimentaire Mondial,WFP,World Food Programme,Nations unies,Nord,HT03,La Victoire,HT0345
Education,PAM,Programme Alimentaire Mondial,WFP,World Food Programme,Nations unies,Centre,HT06,Lascahobas,HT0631
Education,PAM,Programme Alimentaire Mondial,WFP,World Food Programme,Nations unies,Nippes,HT10,L'asile,HT1023
Education,PAM,Programme Alimentaire Mondial,WFP,World Food Programme,Nations unies,Ouest,HT01,Léogâne,HT0121
Education,PAM,Programme Alimentaire Mondial,WFP,World Food Programme,Nations unies,Sud,HT07,Les Anglais,HT0752
Education,PAM,Programme Alimentaire Mondial,WFP,World Food Programme,Nations unies,Sud,HT07,Les Cayes,HT0711
Education,PAM,Programme Alimentaire Mondial,WFP,World Food Programme,Nations unies,Grande'Anse,HT08,Les Irois,HT0823
Education,PAM,Programme Alimentaire Mondial,WFP,World Food Programme,Nations unies,Nord,HT03,Limonade,HT0313
Education,PAM,Programme Alimentaire Mondial,WFP,World Food Programme,Nations unies,Centre,HT06,Maïssade,HT0612
Education,PAM,Programme Alimentaire Mondial,WFP,World Food Programme,Nations unies,Sud,HT07,Maniche,HT0715
Education,PAM,Programme Alimentaire Mondial,WFP,World Food Programme,Nations unies,Sud-Est,HT02,Marigot,HT0212
Education,PAM,Programme Alimentaire Mondial,WFP,World Food Programme,Nations unies,Artibonite,HT05,Marmelade,HT0552
Education,PAM,Programme Alimentaire Mondial,WFP,World Food Programme,Nations unies,Nord,HT03,Milot,HT0323
Education,PAM,Programme Alimentaire Mondial,WFP,World Food Programme,Nations unies,Nippes,HT10,Miragoâne,HT1011
Education,PAM,Programme Alimentaire Mondial,WFP,World Food Programme,Nations unies,Centre,HT06,Mirebalais,HT0621
Education,PAM,Programme Alimentaire Mondial,WFP,World Food Programme,Nations unies,Nord-Ouest,HT09,Môle Saint Nicolas,HT0931
Education,PAM,Programme Alimentaire Mondial,WFP,World Food Programme,Nations unies,Nord-Est,HT04,Mombin Crochu,HT0443
Education,PAM,Programme Alimentaire Mondial,WFP,World Food Programme,Nations unies,Nord-Est,HT04,Mont-Organisé,HT0423
Education,PAM,Programme Alimentaire Mondial,WFP,World Food Programme,Nations unies,Grande'Anse,HT08,Moron,HT0814
Education,PAM,Programme Alimentaire Mondial,WFP,World Food Programme,Nations unies,Nord-Est,HT04,Ouanaminthe,HT0421
Education,PAM,Programme Alimentaire Mondial,WFP,World Food Programme,Nations unies,Nippes,HT10,Paillant,HT1014
Education,PAM,Programme Alimentaire Mondial,WFP,World Food Programme,Nations unies,Nord-Est,HT04,Perches,HT0413
Education,PAM,Programme Alimentaire Mondial,WFP,World Food Programme,Nations unies,Grande'Anse,HT08,Pestel,HT0834
Education,PAM,Programme Alimentaire Mondial,WFP,World Food Programme,Nations unies,Ouest,HT01,Pétion-Ville,HT0114
Education,PAM,Programme Alimentaire Mondial,WFP,World Food Programme,Nations unies,Ouest,HT01,Petit-Goâve,HT0122
Education,PAM,Programme Alimentaire Mondial,WFP,World Food Programme,Nations unies,Nippes,HT10,Petit Trou de Nippes,HT1022
Education,PAM,Programme Alimentaire Mondial,WFP,World Food Programme,Nations unies,Artibonite,HT05,Petite Rivière de l'Artibonite,HT0542
Education,PAM,Programme Alimentaire Mondial,WFP,World Food Programme,Nations unies,Nippes,HT10,Petite Rivière de Nippes,HT1012
Education,PAM,Programme Alimentaire Mondial,WFP,World Food Programme,Nations unies,Nord,HT03,Pignon,HT0344
Education,PAM,Programme Alimentaire Mondial,WFP,World Food Programme,Nations unies,Nord,HT03,Pilate,HT0372
Education,PAM,Programme Alimentaire Mondial,WFP,World Food Programme,Nations unies,Nord,HT03,Plaine du Nord,HT0322
Education,PAM,Programme Alimentaire Mondial,WFP,World Food Programme,Nations unies,Nord,HT03,Plaisance,HT0371
Education,PAM,Programme Alimentaire Mondial,WFP,World Food Programme,Nations unies,Nippes,HT10,Plaisance du Sud,HT1025
Education,PAM,Programme Alimentaire Mondial,WFP,World Food Programme,Nations unies,Ouest,HT01,Pointe à Raquette,HT0152
Education,PAM,Programme Alimentaire Mondial,WFP,World Food Programme,Nations unies,Sud,HT07,Port-à-Piment,HT0742
Education,PAM,Programme Alimentaire Mondial,WFP,World Food Programme,Nations unies,Ouest,HT01,Port-au-Prince,HT0111
Education,PAM,Programme Alimentaire Mondial,WFP,World Food Programme,Nations unies,Nord-Ouest,HT09,Port-de-Paix,HT0911
Education,PAM,Programme Alimentaire Mondial,WFP,World Food Programme,Nations unies,Sud,HT07,Port-Salut,HT0721
Education,PAM,Programme Alimentaire Mondial,WFP,World Food Programme,Nations unies,Nord,HT03,Quartier Morin,HT0312
Education,PAM,Programme Alimentaire Mondial,WFP,World Food Programme,Nations unies,Nord,HT03,Ranquitte,HT0343
Education,PAM,Programme Alimentaire Mondial,WFP,World Food Programme,Nations unies,Sud,HT07,Roche à Bâteau,HT0743
Education,PAM,Programme Alimentaire Mondial,WFP,World Food Programme,Nations unies,Grande'Anse,HT08,Roseaux,HT0832
Education,PAM,Programme Alimentaire Mondial,WFP,World Food Programme,Nations unies,Sud,HT07,Saint Jean du Sud,HT0722
Education,PAM,Programme Alimentaire Mondial,WFP,World Food Programme,Nations unies,Nord-Ouest,HT09,Saint-Louis du Nord,HT0921
Education,PAM,Programme Alimentaire Mondial,WFP,World Food Programme,Nations unies,Sud,HT07,Saint Louis du Sud,HT0732
Education,PAM,Programme Alimentaire Mondial,WFP,World Food Programme,Nations unies,Artibonite,HT05,Saint-Marc,HT0531
Education,PAM,Programme Alimentaire Mondial,WFP,World Food Programme,Nations unies,Artibonite,HT05,Saint-Michel de l'Attalaye,HT0551
Education,PAM,Programme Alimentaire Mondial,WFP,World Food Programme,Nations unies,Nord,HT03,Saint-Raphaël,HT0341
Education,PAM,Programme Alimentaire Mondial,WFP,World Food Programme,Nations unies,Nord-Est,HT04,Sainte Suzanne,HT0432
Education,PAM,Programme Alimentaire Mondial,WFP,World Food Programme,Nations unies,Centre,HT06,Saut d'Eau,HT0622
Education,PAM,Programme Alimentaire Mondial,WFP,World Food Programme,Nations unies,Centre,HT06,Savanette,HT0633
Education,PAM,Programme Alimentaire Mondial,WFP,World Food Programme,Nations unies,Ouest,HT01,Tabarre,HT0118
Education,PAM,Programme Alimentaire Mondial,WFP,World Food Programme,Nations unies,Artibonite,HT05,Terre Neuve,HT0522
Education,PAM,Programme Alimentaire Mondial,WFP,World Food Programme,Nations unies,Nord-Est,HT04,Terrier Rouge,HT0433
Education,PAM,Programme Alimentaire Mondial,WFP,World Food Programme,Nations unies,Sud-Est,HT02,Thiotte,HT0233
Education,PAM,Programme Alimentaire Mondial,WFP,World Food Programme,Nations unies,Centre,HT06,Thomassique,HT0642
Education,PAM,Programme Alimentaire Mondial,WFP,World Food Programme,Nations unies,Centre,HT06,Thomonde,HT0613
Education,PAM,Programme Alimentaire Mondial,WFP,World Food Programme,Nations unies,Sud,HT07,Tiburon,HT0753
Education,PAM,Programme Alimentaire Mondial,WFP,World Food Programme,Nations unies,Sud,HT07,Torbeck,HT0712
Education,PAM,Programme Alimentaire Mondial,WFP,World Food Programme,Nations unies,Nord-Est,HT04,Trou du Nord,HT0431
Education,PAM,Programme Alimentaire Mondial,WFP,World Food Programme,Nations unies,Nord-Est,HT04,Vallières,HT0441
Education,PAM,Programme Alimentaire Mondial,WFP,World Food Programme,Nations unies,Artibonite,HT05,Verrettes,HT0532
Education,SCI,Save The Children International,SCI,Save The Children International,ONG internationale,Grande'Anse,HT08,Beaumont,HT0833
Education,SCI,Save The Children International,SCI,Save The Children International,ONG internationale,Sud,HT07,Camp-Perrin,HT0714
Education,SCI,Save The Children International,SCI,Save The Children International,ONG internationale,Sud,HT07,Camp-Perrin,HT0714
Education,SCI,Save The Children International,SCI,Save The Children International,ONG internationale,Sud,HT07,Les Cayes,HT0711
Education,SCI,Save The Children International,SCI,Save The Children International,ONG internationale,Grande'Anse,HT08,Corail,HT0831
Education,SCI,Save The Children International,SCI,Save The Children International,ONG internationale,Ouest,HT01,Croix-Des-Bouquets,HT0131
Education,SCI,Save The Children International,SCI,Save The Children International,ONG internationale,Ouest,HT01,Croix-Des-Bouquets,HT0131
Education,SCI,Save The Children International,SCI,Save The Children International,ONG internationale,Ouest,HT01,Croix-Des-Bouquets,HT0131
Education,SCI,Save The Children International,SCI,Save The Children International,ONG internationale,Sud,HT07,Les Cayes,HT0711
Education,SCI,Save The Children International,SCI,Save The Children International,ONG internationale,Sud,HT07,Maniche,HT0715
Education,SCI,Save The Children International,SCI,Save The Children International,ONG internationale,Grande'Anse,HT08,Pestel,HT0834
Education,SCI,Save The Children International,SCI,Save The Children International,ONG internationale,Grande'Anse,HT08,Roseaux,HT0832
Education,SCI,Save The Children International,SCI,Save The Children International,ONG internationale,Grande'Anse,HT08,Roseaux,HT0832
Education,SI,Solidarités International,SI,Solidarités International,ONG internationale,Ouest,HT01,Port-au-Prince,HT0111
Education,UNICEF,Fonds des Nations unies pour l'enfance,UNICEF,United Nations International Children's Emergency Fund,Nations unies,Centre,HT06,Boucan Carré,HT0623
Education,UNICEF,Fonds des Nations unies pour l'enfance,UNICEF,United Nations International Children's Emergency Fund,Nations unies,Centre,HT06,Hinche,HT0611
Education,UNICEF,Fonds des Nations unies pour l'enfance,UNICEF,United Nations International Children's Emergency Fund,Nations unies,Centre,HT06,Lascahobas,HT0631
Education,UNICEF,Fonds des Nations unies pour l'enfance,UNICEF,United Nations International Children's Emergency Fund,Nations unies,Centre,HT06,Thomonde,HT0613
Education,UNASCAD,Union des Amis Socio Culturels d'Action en Développement,UNASCAD,Union des Amis Socio Culturels d'Action en Développement,ONG nationale,Ouest,HT01,Tabarre,HT0118
Education,WDA,World Dynamic Action,WDA,World Dynamic Action,ONG nationale,Ouest,HT01,Carrefour,HT0113
Education,WDA,World Dynamic Action,WDA,World Dynamic Action,ONG nationale,Ouest,HT01,Delmas,HT0112
Education,WDA,World Dynamic Action,WDA,World Dynamic Action,ONG nationale,Ouest,HT01,Pétion-Ville,HT0114
Education,WVI,World Vision International,WVI,World Vision International,ONG internationale,Ouest,HT01,Anse à Galets,HT0151
Education,WVI,World Vision International,WVI,World Vision International,ONG internationale,Ouest,HT01,Port-au-prince,HT0111
